Unique Ingredient,Matched Description,Carbohydrate,Fat.Total Lipid,Protein,Score
acini,"Fruit juice smoothie, NAKED JUICE, GREEN MACHINE",12.53,0.26,0.6,80.0
alfalfa honey,Honey,82.4,0.0,0.3,100.0
all-bran,"Cereals ready-to-eat, KELLOGG, KELLOGG'S ALL-BRAN Original",74.24,4.9,13.14,100.0
all-bran cereal,"Cereals ready-to-eat, POST Raisin Bran Cereal",78.9,1.6,7.6,84.61538461538461
all-purpose,"Wheat flour, white, all-purpose, enriched, bleached",76.31,0.98,10.33,100.0
almond,"Oil, almond",0.0,100.0,0.0,100.0
almond bark,"Candies, MARS SNACKFOOD US, MARS Almond Bar",62.7,23.0,8.1,95.23809523809523
almond-honey,Honey,82.4,0.0,0.3,100.0
almonds,"Nuts, almonds",21.55,49.93,21.15,100.0
alum,"Leavening agents, baking powder, double-acting, sodium aluminum sulfate",27.7,0.0,0.0,100.0
american cheese,"Fast foods, breadstick, soft, prepared with garlic and parmesan cheese",44.48,12.88,12.2,82.75862068965517
anchovy,"Fish, anchovy, european, canned in oil, drained solids",0.0,9.71,28.89,100.0
angel,"Cake, angelfood, dry mix, prepared",58.7,0.3,6.1,100.0
anise,"Fast foods, hamburger; single, large patty; with condiments, vegetables and mayonnaise",17.33,12.37,11.34,88.88888888888889
anise flavor,"Beverages, Energy drink, VAULT, citrus flavor",12.99,0.0,0.0,80.0
apple,"Babyfood, finger snacks, GERBER, GRADUATES, PUFFS, apple and cinnamon",85.79,2.3,6.19,100.0
apple butter,"Babyfood, vegetable, butternut squash and corn",9.26,0.6,2.0,83.33333333333334
apple jelly,"Apple juice, canned or bottled, unsweetened, without added ascorbic acid",11.3,0.13,0.1,77.77777777777779
apple juice,"Apple juice, canned or bottled, unsweetened, without added ascorbic acid",11.3,0.13,0.1,100.0
apple juice concentrate,"Lemon juice from concentrate, canned or bottled",5.62,0.07,0.45,78.26086956521739
apple pie filling,"Pie fillings, apple, canned",26.1,0.1,0.1,78.57142857142857
apple pie spice,"Spices, pumpkin pie spice",69.28,12.6,5.76,80.0
apple pulp,"Apple juice, canned or bottled, unsweetened, without added ascorbic acid",11.3,0.13,0.1,77.77777777777779
apple slices,"Apple juice, canned or bottled, unsweetened, without added ascorbic acid",11.3,0.13,0.1,78.26086956521739
apples,"Babyfood, apples, dices, toddler",11.56,0.36,0.19,100.0
applesauce,"Babyfood, fruit, applesauce, strained",10.8,0.2,0.2,100.0
apricot,"Babyfood, fruit, apricot with tapioca, strained",16.3,0.0,0.3,100.0
apricot brandy,"Apricots, raw",11.12,0.39,1.4,83.33333333333334
apricot fruit spread,"Apricots, raw",11.12,0.39,1.4,78.26086956521739
apricot halves,"Apricots, raw",11.12,0.39,1.4,78.26086956521739
apricot jello,"Apricot nectar, canned, with added ascorbic acid",13.63,0.45,0.17,78.26086956521739
apricot jelly,"Apricot nectar, canned, with added ascorbic acid",13.63,0.45,0.17,78.26086956521739
apricot nectar,"Apricot nectar, canned, with added ascorbic acid",13.63,0.45,0.17,100.0
apricot preserves,"Apricots, raw",11.12,0.39,1.4,78.26086956521739
apricots,"Babyfood, fruit, applesauce and apricots, strained",11.64,0.2,0.2,100.0
armadillo,"Cereals ready-to-eat, MALT-O-MEAL, MARSHMALLOW MATEYS",82.77,3.53,6.94,77.77777777777779
artichokes,"Artichokes, (globe or french), cooked, boiled, drained, without salt",11.95,0.34,2.89,100.0
artificial sweetener,"Ginger root, pickled, canned, with artificial sweetener",4.83,0.1,0.33,100.0
arugula,"Arugula, raw",3.65,0.66,2.58,100.0
asparagus,"Soup, cream of asparagus, canned, condensed",8.52,3.26,1.82,100.0
average,"Tomatoes, red, ripe, raw, year round average",3.89,0.2,0.88,100.0
avocado,"Avocados, raw, all commercial varieties",8.53,14.66,2.0,100.0
avocado pear,"Avocados, raw, all commercial varieties",8.53,14.66,2.0,78.26086956521739
avocados,"Avocados, raw, all commercial varieties",8.53,14.66,2.0,100.0
baby food,"Babyfood, juice treats, fruit medley, toddler",86.68,0.02,0.0,94.11764705882352
baby food carrots,"Babyfood, carrots and beef, strained",5.7,2.5,3.4,94.11764705882352
baby food peaches,"Babyfood, peaches, dices, toddler",11.8,0.2,0.5,94.11764705882352
baby fruit,"Babyfood, cookie, baby, fruit",73.7,12.6,6.8,90.0
baby lima beans,"Lima beans, immature seeds, cooked, boiled, drained, without salt",23.64,0.32,6.81,80.0
bac*os,"Bacon, turkey, microwaved",4.24,25.87,29.5,80.0
bacon,"Animal fat, bacon grease",0.0,99.5,0.0,100.0
bacon bits,"Bacon bits, meatless",28.6,25.9,32.0,100.0
bacon cheese,"Snacks, tortilla chips, nacho cheese",60.81,27.42,7.36,86.95652173913044
bacon fat,"Bacon, turkey, microwaved",4.24,25.87,29.5,82.35294117647058
bacon grease,"Animal fat, bacon grease",0.0,99.5,0.0,100.0
bagels,"Bagels, plain, enriched, with calcium propionate (includes onion, poppy, sesame)",52.38,1.32,10.56,100.0
bags,"Basil, fresh",2.65,0.64,3.15,85.71428571428572
bake cheese,"Cake, cheesecake, commercially prepared",25.5,22.5,5.5,90.9090909090909
baking chips,"Baking chocolate, unsweetened, squares",28.42,52.31,14.32,85.71428571428572
baking chocolate,"Baking chocolate, unsweetened, squares",28.42,52.31,14.32,100.0
baking cocoa,"Baking chocolate, unsweetened, squares",28.42,52.31,14.32,91.66666666666666
baking cups,"Baking chocolate, unsweetened, squares",28.42,52.31,14.32,84.21052631578947
baking mix,"Baking chocolate, unsweetened, squares",28.42,52.31,14.32,82.35294117647058
baking potatoes,"Babyfood, vegetable, green beans and potatoes",9.0,1.9,2.2,81.4814814814815
baking powder,"Leavening agents, baking powder, double-acting, sodium aluminum sulfate",27.7,0.0,0.0,100.0
baking pwd,"Leavening agents, baking powder, double-acting, sodium aluminum sulfate",27.7,0.0,0.0,90.0
baking soda,"Leavening agents, baking soda",0.0,0.0,0.0,100.0
baking spray,"Oil, PAM cooking spray, original",20.69,78.69,0.26,83.33333333333334
balsamic,"Balsam-pear (bitter gourd), leafy tips, cooked, boiled, drained, without salt",6.68,0.2,3.6,85.71428571428572
bamboo shoots,"Bamboo shoots, canned, drained solids",3.22,0.4,1.72,100.0
banana,"Babyfood, fruit, bananas with tapioca, strained",15.3,0.1,0.4,100.0
banana cream,"Pie, banana cream, prepared from recipe",32.9,13.6,4.4,100.0
banana pulp,"Babyfood, dessert, banana pudding, strained",14.14,0.8,1.0,81.81818181818181
bananas,"Babyfood, fruit, bananas with tapioca, strained",15.3,0.1,0.4,100.0
bar,"Ice cream, bar or stick, chocolate covered",24.5,24.1,4.1,100.0
bar chips,"Snacks, taro chips",68.1,24.9,2.3,88.88888888888889
bar cream cheese,"Cheese spread, cream cheese base",3.5,28.6,7.1,87.5
barbecue,"Sauce, barbecue",40.77,0.63,0.82,100.0
barley,"Babyfood, cereal, barley, dry fortified",69.4,6.6,13.2,100.0
barrel cheese,"Bread, cheese",44.83,20.83,10.42,78.26086956521739
bars,"Babyfood, snack, GERBER GRADUATE FRUIT  STRIPS, Real Fruit Bars",76.61,2.24,0.82,100.0
basil,"Spices, basil, dried",47.75,4.07,22.98,100.0
basil flakes,"Cereals ready-to-eat, POST, GRAPE-NUTS Flakes",82.0,3.7,9.4,80.0
basil leaf,"Basil, fresh",2.65,0.64,3.15,77.77777777777779
basket,"Cheese spread, cream cheese base",3.5,28.6,7.1,80.0
batch,"Cereals ready-to-eat, GENERAL MILLS, Wheat CHEX",82.2,1.8,9.8,80.0
batch chicken,"Fast foods, quesadilla, with chicken",24.04,15.25,15.05,86.95652173913044
bay,"Mollusks, scallop, (bay and sea), cooked, steamed",5.41,0.84,20.54,100.0
bay leaf,"Sweetener, herbal extract powder from Stevia leaf",100.0,0.0,0.0,85.71428571428572
bay leaves,"Sweet potato leaves, cooked, steamed, without salt",7.38,0.34,2.18,80.0
bay seasoning,"Spices, poultry seasoning",65.59,7.53,9.59,91.66666666666666
bbq,"Chicken, broiler, rotisserie, BBQ, breast, meat only",0.0,3.57,28.04,100.0
bbq sauce,"Babyfood, ravioli, cheese filled, with tomato sauce",16.3,2.2,3.6,80.0
bean,"Babyfood, vegetables, green beans, strained",6.29,0.17,1.2,100.0
beans,"Babyfood, vegetables, green beans, strained",6.29,0.17,1.2,100.0
beef,"Babyfood, meat, beef, strained",2.43,2.52,12.03,100.0
beef bouillon cubes,"Soup, bouillon cubes and granules, low sodium, dry",64.88,13.89,16.7,78.94736842105263
beef brisket,"Beef, cured, corned beef, brisket, cooked",0.47,18.98,18.17,91.66666666666666
beef broth,"Soup, beef broth or bouillon canned, ready-to-serve",0.04,0.22,1.14,100.0
beef broth cubes,"Soup, beef broth, less/reduced sodium, ready to serve",0.2,0.07,1.14,81.25
beef chuck,"Beef, chuck, blade roast, separable lean only, trimmed to 0"" fat, all grades, cooked, braised",0.0,13.3,31.06,90.0
beef chuck roast,"Beef, chuck, arm pot roast, separable lean and fat, trimmed to 1/8"" fat, all grades, cooked, braised",0.0,19.22,30.12,80.0
beef consume,"Beef, corned beef hash, with potato, canned",9.27,10.24,8.73,78.26086956521739
beef cubes,"Beef, cured, breakfast strips, cooked",1.4,34.4,31.3,80.0
beef flank,"Beef, flank, steak, separable lean only, trimmed to 0"" fat, choice, raw",0.0,6.29,21.72,90.0
beef flavor,"Rice mix, cheese flavor, dry mix, unprepared",73.88,3.51,8.77,81.81818181818181
beef for stew,"Lamb, cubed for stew or kabob (leg and shoulder), separable lean only, trimmed to 1/4"" fat, cooked, braised",0.0,8.8,33.69,84.61538461538461
beef franks,"Beef, flank, steak, separable lean only, trimmed to 0"" fat, choice, raw",0.0,6.29,21.72,81.81818181818181
beef gravy,"Beef, ground, patties, frozen, cooked, broiled",0.0,21.83,23.05,77.77777777777779
beef hash,"Beef, corned beef hash, with potato, canned",9.27,10.24,8.73,100.0
beef meat,"Beef, retail cuts, separable fat, cooked",0.0,70.33,10.65,77.77777777777779
beef roast,"Beef stew, canned entree",7.85,5.53,4.41,82.35294117647058
beef round,"Beef, round, tip round, roast, separable lean only, trimmed to 0"" fat, all grades, cooked, roasted",0.0,6.2,27.53,90.0
beef round steak,"Beef, round, tip round, roast, separable lean only, trimmed to 0"" fat, all grades, cooked, roasted",0.0,6.2,27.53,80.0
beef round tip steaks,"Beef, round, tip round, roast, separable lean only, trimmed to 0"" fat, all grades, cooked, roasted",0.0,6.2,27.53,78.94736842105263
beef sausage,Blood sausage,1.29,34.5,14.6,80.0
beef steak,"Beef stew, canned entree",7.85,5.53,4.41,88.88888888888889
beef stew,"Babyfood, dinner, beef stew, toddler",5.5,1.2,5.1,100.0
beef stew meat,"Beef stew, canned entree",7.85,5.53,4.41,81.4814814814815
beef stock,"Soup, mushroom with beef stock, canned, condensed",7.41,3.21,2.51,100.0
beef suet,"Beef stew, canned entree",7.85,5.53,4.41,87.5
beef tenderloin,"Beef, tenderloin, roast, separable lean and fat, trimmed to 1/8"" fat, prime, cooked, roasted",0.0,26.67,24.04,93.33333333333333
beef tip,"Beef, top sirloin, steak, separable lean and fat, trimmed to 0"" fat, all grades, cooked, broiled",0.0,9.67,29.33,80.0
beef tips,"Beef stew, canned entree",7.85,5.53,4.41,80.0
beer,"Alcoholic beverage, beer, regular, all",3.55,0.0,0.46,100.0
beet juice,"Jams, preserves, marmalades, sweetened with fruit juice",52.93,0.0,0.0,82.35294117647058
beets,"Babyfood, vegetables, beets, strained",7.7,0.1,1.3,100.0
benne,"Spices, pepper, red or cayenne",56.63,17.27,12.01,88.88888888888889
berries,"Babyfood, banana with mixed berries, strained",21.31,0.36,1.01,100.0
bing cherries,"Maraschino cherries, canned, drained",41.97,0.21,0.22,84.61538461538461
bird,"Turkey, drumstick, from whole bird, meat only, with added solution, roasted",0.0,6.0,26.1,100.0
bird egg beans,"Bread, egg",47.8,6.0,9.5,77.77777777777779
birds,"Turkey, drumstick, from whole bird, meat only, with added solution, roasted",0.0,6.0,26.1,80.0
biscuit,"Babyfood, teething biscuits",76.4,4.2,10.7,100.0
biscuit mix,"Fast foods, biscuit, with egg and bacon",19.06,20.73,11.33,81.81818181818181
biscuits,"Babyfood, teething biscuits",76.4,4.2,10.7,100.0
bite,"Cereals ready-to-eat, KELLOGG'S FROSTED MINI-WHEATS, Big Bite",83.4,1.6,9.2,100.0
bite-size chicken,"Fat, chicken",0.0,99.8,0.0,80.0
bitter chocolate,"Candies, MARS SNACKFOOD US, M&M's Peanut Butter Chocolate Candies",56.89,29.32,10.16,93.75
bitter chocolate shavings,"Candies, MARS SNACKFOOD US, M&M's Peanut Butter Chocolate Candies",56.89,29.32,10.16,77.55102040816327
bitters,"Balsam-pear (bitter gourd), leafy tips, cooked, boiled, drained, without salt",6.68,0.2,3.6,85.71428571428572
bittersweet chocolate,"Candies, semisweet chocolate",63.9,30.0,4.2,86.48648648648648
black,"Spices, pepper, black",63.95,3.26,10.39,100.0
black beans,"Soup, black bean, canned, prepared with equal volume water",7.71,0.66,2.42,90.9090909090909
black cherries,"Blackberries, raw",9.61,0.49,1.39,84.61538461538461
black cherry,"Blackberry juice, canned",7.8,0.6,0.3,81.81818181818181
black mustard seed,"Spices, mustard seed, ground",28.09,36.24,26.08,77.77777777777779
black turtle beans,"Beans, black turtle, mature seeds, cooked, boiled, without salt",24.35,0.35,8.18,77.77777777777779
blackberries,"Blackberries, raw",9.61,0.49,1.39,100.0
blackberry,"Blackberry juice, canned",7.8,0.6,0.3,100.0
blackberry jam,"Blackberry juice, canned",7.8,0.6,0.3,92.3076923076923
blackberry juice,"Blackberry juice, canned",7.8,0.6,0.3,100.0
blanched almonds,"Candies, sugar-coated almonds",68.26,17.93,10.0,78.57142857142857
blooms,Blood sausage,1.29,34.5,14.6,80.0
blue cheese,"Croissants, cheese",47.0,20.9,9.2,77.77777777777779
blueberries,"Blueberries, raw",14.49,0.33,0.74,100.0
boiling chicken,"Babyfood, dinner, broccoli and chicken, junior",6.34,2.48,3.59,80.0
boiling/roasting chicken,"Fat, chicken",0.0,99.8,0.0,80.0
bologna,"Bologna, beef",4.29,26.13,10.91,100.0
bon,"Chicken, broiler or fryers, breast, skinless, boneless, meat only, raw",0.0,2.62,22.5,100.0
boned chicken,"Sausage, Vienna, canned, chicken, beef, pork",2.6,19.4,10.5,84.61538461538461
boneless breast,"Chicken, broiler or fryers, breast, skinless, boneless, meat only, raw",0.0,2.62,22.5,80.0
boneless chicken,"Fat, chicken",0.0,99.8,0.0,80.0
boneless roast,"Chicken, broiler or fryers, breast, skinless, boneless, meat only, raw",0.0,2.62,22.5,78.57142857142857
boneless strips chicken,"Fat, chicken",0.0,99.8,0.0,80.0
boston butt,"Pork, fresh, shoulder, (Boston butt), blade (steaks), separable lean and fat, raw",0.0,12.36,17.42,100.0
boston lettuce,"Fast foods, submarine sandwich, bacon, lettuce, and tomato on white bread",26.66,6.41,10.06,78.57142857142857
bottle wishbone italian dressing,Honey,82.4,0.0,0.3,80.0
bottles,"Water, non-carbonated, bottles, natural fruit flavors, sweetened with low calorie sweetener",0.13,0.0,0.0,100.0
bottles catsup,Catsup,27.4,0.1,1.04,100.0
bottles ginger ale,"Beverages, carbonated, ginger ale",8.76,0.0,0.0,78.78787878787878
bottles whiskey sour mix,"Beverages, Whiskey sour mix, bottled",21.4,0.1,0.1,79.16666666666666
bouillon,"Soup, beef broth or bouillon canned, ready-to-serve",0.04,0.22,1.14,100.0
bouillon cube,"Soup, bouillon cubes and granules, low sodium, dry",64.88,13.89,16.7,100.0
bouillon cubes,"Soup, bouillon cubes and granules, low sodium, dry",64.88,13.89,16.7,100.0
bowl,"Rice bowl with chicken, frozen entree, prepared (includes fried, teriyaki, and sweet and sour varieties)",22.46,1.56,5.65,100.0
bowl sugar,"Cereals, oats, instant, fortified, maple and brown sugar, dry",76.67,4.73,9.25,80.0
box mueselix,"Cereals ready-to-eat, KELLOGG, KELLOGG'S MUESLIX",74.9,5.4,8.6,80.0
bran,"Cereals ready-to-eat, KELLOGG, KELLOGG'S ALL-BRAN Original",74.24,4.9,13.14,100.0
bran cereal,"Cereals ready-to-eat, POST Raisin Bran Cereal",78.9,1.6,7.6,100.0
bran flakes,"Cereals ready-to-eat, POST Bran Flakes",80.5,2.1,9.9,100.0
brandy,"Cereals ready-to-eat, KELLOGG, KELLOGG'S CRACKLIN' OAT BRAN",70.3,14.1,9.2,80.0
braunschweiger,"Braunschweiger (a liver sausage), pork",3.1,28.5,14.5,100.0
bread,"Breadfruit, raw",27.12,0.23,1.07,100.0
bread croutons,"Bread, rye",48.3,3.3,8.5,77.77777777777779
bread crumbs,"Bread, white, commercially prepared (includes soft bread crumbs)",49.2,3.59,9.43,100.0
bread cubes,"Bread, white, commercially prepared (includes soft bread crumbs)",49.2,3.59,9.43,81.81818181818181
bread dough,"Biscuits, plain or buttermilk, refrigerated dough, higher fat, baked",49.05,11.22,6.79,81.81818181818181
bread flour,"Pie, apple, commercially prepared, enriched flour",34.0,11.0,1.9,84.21052631578947
bread mix,"Bread, Italian",48.11,2.73,9.49,82.35294117647058
bread rolls,"Bread, roll, Mexican, bollilo",55.77,5.8,10.65,90.9090909090909
bread stuffing mix,"Bread, stuffing, dry mix",76.2,3.4,11.0,85.71428571428572
bread type,"Lettuce, iceberg (includes crisphead types), raw",2.97,0.14,0.9,80.0
breadcrumbs,"Bread, white, commercially prepared (includes soft bread crumbs)",49.2,3.59,9.43,90.9090909090909
breadsticks,"Fast foods, breadstick, soft, prepared with garlic and parmesan cheese",44.48,12.88,12.2,90.9090909090909
breasts,"Chicken, broiler, rotisserie, BBQ, breast, meat only",0.0,3.57,28.04,85.71428571428572
brisket,"Beef, cured, corned beef, brisket, cooked",0.47,18.98,18.17,100.0
broccoli,"Babyfood, dinner, broccoli and chicken, junior",6.34,2.48,3.59,100.0
broccoli cheese soup,"Broccoli, raw",6.64,0.37,2.82,81.81818181818181
broccoli cuts,"Broccoli, chinese, raw",4.67,0.76,1.2,83.33333333333334
broccoli florets,"Broccoli, raw",6.64,0.37,2.82,81.81818181818181
broccoli flowerets,"Broccoli, raw",6.64,0.37,2.82,81.81818181818181
broccoli heads,"Soup, broccoli cheese, canned, condensed, commercial",7.7,5.3,2.1,85.71428571428572
broccoli slaw,"Broccoli, raw",6.64,0.37,2.82,84.61538461538461
broccoli spears,"Broccoli, raw",6.64,0.37,2.82,81.81818181818181
broccoli stems,"Broccoli, raw",6.64,0.37,2.82,81.81818181818181
broiler-fryer chicken,"Fat, chicken",0.0,99.8,0.0,80.0
broken white bread,"Fast foods, submarine sandwich, meatball marinara on white bread",26.01,8.45,9.77,87.5
brook,"Squash, summer, crookneck and straightneck, raw",3.88,0.27,1.01,80.0
broth,"Chicken, canned, no broth",0.9,8.1,25.3,100.0
broth from chicken,"Fat, chicken",0.0,99.8,0.0,80.0
brown,"Cereals, oats, instant, fortified, maple and brown sugar, dry",76.67,4.73,9.25,100.0
brown mustard,Lard,0.0,100.0,0.0,85.71428571428572
brown potatoes,"Babyfood, vegetable, green beans and potatoes",9.0,1.9,2.2,80.0
brown rice,"Snacks, brown rice chips",81.5,2.8,8.2,100.0
brown sugar,"Cereals, oats, instant, fortified, maple and brown sugar, dry",76.67,4.73,9.25,100.0
browning sauce,"Fast foods, submarine sandwich, sweet onion chicken teriyaki on white bread with lettuce, tomato and sweet onion sauce",22.54,2.37,10.91,80.0
browns,"Fast foods, potatoes, hash browns, round pieces or patty",28.88,17.04,2.58,100.0
brussels,"Brussels sprouts, raw",8.95,0.3,3.38,100.0
brussels sprouts,"Brussels sprouts, raw",8.95,0.3,3.38,100.0
bugles,"Babyfood, dinner, beef with vegetables",6.36,6.93,2.03,80.0
bulk sausage,Blood sausage,1.29,34.5,14.6,80.0
bunches collards,Lard,0.0,100.0,0.0,100.0
buns,"Doughnuts, yeast-leavened, glazed, enriched (includes honey buns)",47.93,22.7,6.14,100.0
burrito mix,"Fast foods, burrito, with beans and cheese",31.23,6.05,7.35,81.81818181818181
butter,"Butter, salted",0.06,81.11,0.85,100.0
butter chips,"Candies, REESE'S Peanut Butter Cups",55.36,30.53,10.24,86.95652173913044
butter flavor,"Popcorn, microwave, regular (butter) flavor, made with palm oil",55.99,31.07,8.69,92.3076923076923
buttered bread,"Restaurant, family style, fish fillet, battered or breaded, fried",16.89,10.79,13.49,78.57142857142857
buttered bread crumbs,"Bread, white, commercially prepared (includes soft bread crumbs)",49.2,3.59,9.43,77.77777777777779
buttered crumbs,"Bread, white, commercially prepared (includes soft bread crumbs)",49.2,3.59,9.43,78.57142857142857
buttered ritz crackers,Rice crackers,82.64,5.0,10.0,84.61538461538461
butterfinger,"Candies, NESTLE, BUTTERFINGER Bar",72.9,18.9,5.4,100.0
butterfingers,"Candies, NESTLE, BUTTERFINGER Bar",72.9,18.9,5.4,92.3076923076923
buttermilk,"Milk, buttermilk, fluid, cultured, lowfat",4.79,1.07,3.31,100.0
buttermilk biscuits,"Crackers, water biscuits",72.81,7.14,7.14,77.41935483870968
buttermilk dressing,"Biscuits, plain or buttermilk, refrigerated dough, higher fat, baked",49.05,11.22,6.79,78.94736842105263
butternut flavor,"Popcorn, microwave, regular (butter) flavor, made with palm oil",55.99,31.07,8.69,81.25
butternut squash,"Babyfood, vegetable, butternut squash and corn",9.26,0.6,2.0,100.0
butterscotch,"Candies, butterscotch",90.4,3.3,0.03,100.0
butterscotch bits,"Candies, butterscotch",90.4,3.3,0.03,82.75862068965517
butterscotch chips,"Candies, butterscotch",90.4,3.3,0.03,80.0
butterscotch drops,"Candies, butterscotch",90.4,3.3,0.03,80.0
buttery round crackers,Rice crackers,82.64,5.0,10.0,81.81818181818181
buttery style crackers,Rice crackers,82.64,5.0,10.0,86.95652173913044
c.milk,"Cheese, ricotta, whole milk",6.86,11.0,7.81,80.0
cabbage,"Cabbage, raw",5.8,0.1,1.28,100.0
cabbages,"Cabbage, raw",5.8,0.1,1.28,93.33333333333333
cajun seasoning,"Spices, poultry seasoning",65.59,7.53,9.59,80.0
cake,"Cake, angelfood, dry mix, prepared",58.7,0.3,6.1,100.0
cake flour,"Pie, apple, commercially prepared, enriched flour",34.0,11.0,1.9,80.0
cake mix,"Beverages, UNILEVER, SLIMFAST Shake Mix, powder, 3-2-1 Plan",73.92,13.34,8.13,87.5
cake yeast,"Cake, yellow, commercially prepared, with chocolate frosting, in-store bakery",55.36,17.75,3.16,77.77777777777779
cakes,"Cake, snack cakes, creme-filled, chocolate with frosting",60.31,15.93,3.63,100.0
california nectarines,"Nectarines, raw",9.18,0.28,1.06,80.0
campbell,"CAMPBELL'S, HEALTHY REQUEST, chicken with rice, condensed",7.19,1.19,1.59,100.0
campbell's,"CAMPBELL'S, HEALTHY REQUEST, chicken with rice, condensed",7.19,1.19,1.59,100.0
campbell's alphabet,"CAMPBELL'S, HEALTHY REQUEST, chicken with rice, condensed",7.19,1.19,1.59,78.78787878787878
campbell's beef,"CAMPBELL'S, HEALTHY REQUEST, chicken with rice, condensed",7.19,1.19,1.59,82.75862068965517
campbell's chunky,"CAMPBELL'S, HEALTHY REQUEST, chicken with rice, condensed",7.19,1.19,1.59,80.0
campbell's condensed cream of chicken,"Fat, chicken",0.0,99.8,0.0,85.71428571428572
campbell's cream,"CAMPBELL'S, HEALTHY REQUEST, chicken with rice, condensed",7.19,1.19,1.59,83.87096774193549
campbell's golden,"CAMPBELL'S, HEALTHY REQUEST, chicken with rice, condensed",7.19,1.19,1.59,77.41935483870968
campbell's healthy,"CAMPBELL'S, HEALTHY REQUEST, chicken with rice, condensed",7.19,1.19,1.59,94.44444444444444
campbell's pork,"CAMPBELL'S, HEALTHY REQUEST, chicken with rice, condensed",7.19,1.19,1.59,81.4814814814815
candid cherries,"Babyfood, fruit, applesauce and cherries, strained",14.1,0.0,0.0,86.66666666666667
candied cherries,"Babyfood, fruit, applesauce and cherries, strained",14.1,0.0,0.0,81.25
candied citron,Candied fruit,82.74,0.07,0.34,83.33333333333334
candied fruit,Candied fruit,82.74,0.07,0.34,100.0
candied lemon peel,"Lemon peel, raw",16.0,0.3,1.5,80.0
candied orange peel,Candied fruit,82.74,0.07,0.34,78.26086956521739
candied peel,Candied fruit,82.74,0.07,0.34,80.0
candied pineapple,"Fruit cocktail, (peach and pineapple and pear and grape and cherry), canned, water pack, solids and liquids",8.51,0.05,0.42,82.35294117647058
candies,"Candies, TOBLERONE, milk chocolate with honey and almond nougat",61.21,28.57,5.71,100.0
candies cherries,"Candies, HERSHEY'S SKOR Toffee Bar",63.73,30.37,3.13,82.75862068965517
candy-coated chocolate,"Cereals ready-to-eat, chocolate-flavored frosted puffed corn",87.2,3.5,3.34,77.27272727272727
canned applesauce,"Tomato products, canned, sauce",5.31,0.3,1.2,80.0
canola oil,"Potatoes, hash brown, frozen, plain, prepared, pan fried in canola oil",28.51,11.59,2.65,100.0
cans asparagus,"Asparagus, raw",3.88,0.12,2.2,78.26086956521739
cans biscuits,"Babyfood, teething biscuits",76.4,4.2,10.7,83.33333333333334
cans chili,"Spices, chili powder",49.7,14.28,13.46,80.0
cans great northern beans,"Beans, great northern, mature seeds, canned",21.02,0.39,7.37,80.0
cantaloupe,"Melons, cantaloupe, raw",8.16,0.18,0.82,100.0
cantaloupes,"Melons, cantaloupe, raw",8.16,0.18,0.82,90.9090909090909
cap'n,"Cereals ready-to-eat, QUAKER, CAP'N CRUNCH",85.51,5.12,4.39,100.0
capers,"Capers, canned",4.89,0.86,2.36,100.0
caramel,"Snacks, popcorn, caramel-coated, with peanuts",80.7,7.8,6.4,100.0
caramel sauce,"Fast foods, cheeseburger; double, regular patty; double decker bun with condiments and special sauce",21.53,14.1,11.94,78.26086956521739
caramel topping,"Cream, whipped, cream topping, pressurized",12.49,22.22,3.2,80.0
caramels,"Candies, caramels",77.0,8.1,4.6,100.0
caraway,"Spices, caraway seed",49.9,14.59,19.77,100.0
caraway seed,"Spices, caraway seed",49.9,14.59,19.77,100.0
caraway seeds,"Spices, caraway seed",49.9,14.59,19.77,96.0
cardamom,"Carambola, (starfruit), raw",6.73,0.33,1.04,80.0
cardamon,"Carambola, (starfruit), raw",6.73,0.33,1.04,80.0
carnation,Natto,12.68,11.0,19.4,80.0
carnation cream,Natto,12.68,11.0,19.4,80.0
carnation milk,Natto,12.68,11.0,19.4,80.0
carob chips,"Snacks, taro chips",68.1,24.9,2.3,90.0
carrot,"Babyfood, vegetables, carrots, strained",6.0,0.1,0.8,100.0
carrot cake,"Carrots, canned, regular pack, drained solids",5.54,0.19,0.64,81.81818181818181
carrots,"Babyfood, vegetables, carrots, strained",6.0,0.1,0.8,100.0
cartons yogurt,Tofu yogurt,15.96,1.8,3.5,81.81818181818181
cashew nuts,"Nuts, cashew nuts, dry roasted, without salt added",32.69,46.35,15.31,100.0
cashews,"Nuts, cashew nuts, dry roasted, without salt added",32.69,46.35,15.31,85.71428571428572
catalina dressing,"Salad dressing, italian dressing, commercial, reduced fat",9.99,6.68,0.39,82.35294117647058
catsup,Catsup,27.4,0.1,1.04,100.0
cauliflower,"Cauliflower, raw",4.97,0.28,1.92,100.0
cauliflower florets,"Cauliflower, raw",4.97,0.28,1.92,85.71428571428572
cauliflowerets,"Cauliflower, raw",4.97,0.28,1.92,88.0
cayenne,"Spices, pepper, red or cayenne",56.63,17.27,12.01,100.0
celery,"Spices, celery seed",41.35,25.27,18.07,100.0
celery flakes,"Celery, raw",2.97,0.17,0.69,77.77777777777779
celery powder,"Soup, cream of vegetable, dry, powder",52.1,24.1,8.0,78.26086956521739
celery root,"Celery, raw",2.97,0.17,0.69,84.21052631578947
celery salt,"Celery, raw",2.97,0.17,0.69,80.0
celery seeds,"Spices, celery seed",41.35,25.27,18.07,95.65217391304348
celery soup,"Celery, raw",2.97,0.17,0.69,77.77777777777779
celery stalk,"Celery, raw",2.97,0.17,0.69,77.77777777777779
celery stalks,"Celery, raw",2.97,0.17,0.69,77.77777777777779
center,"Pork, fresh, loin, center rib (chops), bone-in, separable lean only, cooked, braised",0.0,9.32,29.03,100.0
cereal,"Babyfood, cereal, barley, dry fortified",69.4,6.6,13.2,100.0
certo,"Restaurant, Latino, pupusas del cerdo (pupusas, pork)",23.02,10.43,11.51,80.0
cheddar,"Cheese, cheddar (Includes foods for USDA's Food Distribution Program)",2.44,34.0,23.3,100.0
cheddar cheese,"Cheese spread, American or Cheddar cheese base, reduced fat",10.71,8.88,13.41,100.0
cheddar cheese soup,"Cheese spread, American or Cheddar cheese base, reduced fat",10.71,8.88,13.41,84.21052631578947
cheddar soup,"HOT POCKETS, CROISSANT POCKETS Chicken, Broccoli, and Cheddar Stuffed Sandwich, frozen",30.4,8.6,8.9,83.33333333333334
cheerios,"Cereals ready-to-eat, GENERAL MILLS, CHEERIOS",73.2,6.6,12.4,100.0
cheese,"Cheese, blue",2.34,28.74,21.4,100.0
cheese cracker crumbs,"Cheese, cream",5.52,34.44,6.15,86.95652173913044
cheese dressing,"Salad dressing, blue or roquefort cheese dressing, commercial, regular",4.77,51.1,1.37,100.0
cheese mix,"Macaroni or noodles with cheese, microwaveable, unprepared",70.75,6.56,11.48,90.0
cheese sauce,"Cheese sauce, prepared from recipe",5.48,14.92,10.33,100.0
cheese slice,"Cheese sauce, prepared from recipe",5.48,14.92,10.33,83.33333333333334
cheese slices,"Cheese, swiss",1.44,31.0,27.0,80.0
cheese soup,"Cheese spread, pasteurized process, American",8.73,21.23,16.41,90.0
cheese spread,"Cheese spread, pasteurized process, American",8.73,21.23,16.41,100.0
cheese strips,"Babyfood, dinner, macaroni and cheese, strained",8.95,2.11,3.14,84.61538461538461
cherries,"Babyfood, fruit, applesauce and cherries, strained",14.1,0.0,0.0,100.0
cherry,"Babyfood, cherry cobbler, junior",19.2,0.1,0.3,100.0
cherry filling,"Crackers, standard snack-type, sandwich, with peanut butter filling",58.38,24.54,11.47,83.33333333333334
cherry fruit filling,"Babyfood, fortified cereal bar, fruit filling",68.63,5.3,5.43,83.33333333333334
cherry juice,"Blackberry juice, canned",7.8,0.6,0.3,83.33333333333334
chick,"Babyfood, meat, chicken, strained",0.1,7.9,13.7,100.0
chick beans,"Chickpeas (garbanzo beans, bengal gram), mature seeds, raw",62.95,6.04,20.47,80.0
chick peas,"Chickpeas (garbanzo beans, bengal gram), mature seeds, raw",62.95,6.04,20.47,94.73684210526316
chicken,"Babyfood, meat, chicken, strained",0.1,7.9,13.7,100.0
chicken base,"Chicken breast, deli, rotisserie seasoned, sliced, prepackaged",2.92,1.86,17.4,86.95652173913044
chicken bouillon,"Chicken, broiler, rotisserie, BBQ, breast, meat only",0.0,3.57,28.04,80.0
chicken breast,"Chicken breast, deli, rotisserie seasoned, sliced, prepackaged",2.92,1.86,17.4,100.0
chicken breast halves,"Chicken breast, deli, rotisserie seasoned, sliced, prepackaged",2.92,1.86,17.4,82.05128205128204
chicken breasts,"Chicken breast, deli, rotisserie seasoned, sliced, prepackaged",2.92,1.86,17.4,96.55172413793103
chicken breasts per,"Chicken breast, deli, rotisserie seasoned, sliced, prepackaged",2.92,1.86,17.4,86.48648648648648
chicken broth,"Soup, chicken broth, canned, condensed",0.75,1.04,4.42,100.0
chicken cutlets,"School Lunch, chicken nuggets, whole grain breaded",22.86,12.9,15.67,80.0
chicken flavor,"RICE-A-RONI, chicken flavor, unprepared",76.08,1.04,10.64,100.0
chicken flavored,"RICE-A-RONI, chicken flavor, unprepared",76.08,1.04,10.64,87.5
chicken flavored rice,"Babyfood, dinner, chicken and rice",9.2,0.9,1.6,81.08108108108108
chicken fryer,"Egg rolls, chicken, refrigerated, heated",28.54,4.51,10.44,84.61538461538461
chicken gizzards,"Chicken, gizzard, all classes, cooked, simmered",0.0,2.68,30.39,93.75
chicken gravy,"Chicken breast, deli, rotisserie seasoned, sliced, prepackaged",2.92,1.86,17.4,80.0
chicken gumbo,"Soup, chicken gumbo, canned, prepared with equal volume water",3.43,0.59,1.08,100.0
chicken gumbo soup,"Soup, chicken gumbo, canned, prepared with equal volume water",3.43,0.59,1.08,77.77777777777779
chicken legs,"Soup, chicken vegetable with potato and cheese, chunky, ready-to-serve",5.2,4.46,1.16,83.33333333333334
chicken mushroom,"Soup, chicken mushroom, canned, condensed",11.95,4.84,1.61,100.0
chicken noodle,"Babyfood, dinner, chicken noodle, strained",7.81,3.22,3.53,100.0
chicken parts,"Chicken patty, frozen, cooked",12.84,19.58,14.85,91.66666666666666
chicken pieces,"Babyfood, meat, chicken sticks, junior",1.5,14.4,14.6,78.57142857142857
chicken quarters,"Fast foods, chicken tenders",17.25,13.95,19.22,77.41935483870968
chicken rice,"Soup, chicken rice, canned, chunky, ready-to-serve",5.41,1.33,5.11,100.0
chicken roaster,"Chicken breast, deli, rotisserie seasoned, sliced, prepackaged",2.92,1.86,17.4,82.75862068965517
chicken soup,"Babyfood, dinner, chicken soup, strained",7.2,1.7,1.6,100.0
chicken spread,"Fast foods, chicken, breaded and fried, boneless pieces, plain",14.93,20.36,15.92,85.71428571428572
chicken stock,"Babyfood, meat, chicken sticks, junior",1.5,14.4,14.6,92.3076923076923
chicken strips,"Babyfood, meat, chicken, strained",0.1,7.9,13.7,85.71428571428572
chicken tenders,"Fast foods, chicken tenders",17.25,13.95,19.22,100.0
chicken thighs,"Fast Foods, Fried Chicken, Thigh, meat only, skin and breading removed",0.24,9.41,23.21,92.85714285714286
chicken tonight,"Fast foods, submarine sandwich, oven roasted chicken on white bread with lettuce and tomato",21.35,3.15,10.84,80.0
chicken with rice soup,"CAMPBELL'S, HEALTHY REQUEST, chicken with rice, condensed",7.19,1.19,1.59,86.36363636363636
chicken-rice,"Soup, chicken rice, canned, chunky, ready-to-serve",5.41,1.33,5.11,91.66666666666666
chicken-style,"Chicken tenders, breaded, frozen, prepared",14.86,13.58,14.62,78.26086956521739
chickens,"Fat, chicken",0.0,99.8,0.0,93.33333333333333
chickpeas,"Chickpeas (garbanzo beans, bengal gram), mature seeds, raw",62.95,6.04,20.47,100.0
chickpeas (garbanzo beans,"Chickpeas (garbanzo beans, bengal gram), mature seeds, raw",62.95,6.04,20.47,100.0
chile powder,"Spices, chili powder",49.7,14.28,13.46,91.66666666666666
chile sauce,"Sauce, tomato chili sauce, bottled, with salt",19.79,0.3,2.5,90.9090909090909
chiles,"Babyfood, Snack, GERBER, GRADUATES, LIL CRUNCHIES, baked whole grain corn snack",61.59,28.57,0.0,83.33333333333334
chili,"Spices, chili powder",49.7,14.28,13.46,100.0
chili bans,"Chili, no beans, canned entree",6.1,7.1,7.53,77.77777777777779
chili hot beans,"Chili, no beans, canned entree",6.1,7.1,7.53,86.66666666666667
chili meat,"Ravioli, meat-filled, with tomato sauce or meat sauce, canned",13.26,3.41,3.24,80.0
chili mix,"Chili with beans, canned",13.24,3.76,6.12,82.35294117647058
chili powder,"Spices, chili powder",49.7,14.28,13.46,100.0
chili sauce,"Sauce, tomato chili sauce, bottled, with salt",19.79,0.3,2.5,100.0
chili seasoning,"Spices, poultry seasoning",65.59,7.53,9.59,80.0
chili with beans,"Chili with beans, canned",13.24,3.76,6.12,100.0
chilies,"Sauce, tomato chili sauce, bottled, with salt",19.79,0.3,2.5,85.71428571428572
chilli powder,"Spices, chili powder",49.7,14.28,13.46,96.0
chinese rice,"Waxgourd, (chinese preserving melon), cooked, boiled, drained, without salt",3.04,0.2,0.4,83.33333333333334
chinese sesame oil,"Restaurant, Chinese, sesame chicken",26.88,14.25,14.33,83.33333333333334
chinese vegetables,"Restaurant, Chinese, vegetable chow mein, without meat or noodles",5.74,1.68,1.34,94.44444444444444
chips,"Snacks, corn-based, extruded, chips, plain",57.27,33.36,6.17,100.0
chitterlings,"Pork, fresh, variety meats and by-products, chitterlings, cooked, simmered",0.0,20.32,12.49,100.0
chitterlings pig,"Pork, fresh, variety meats and by-products, chitterlings, cooked, simmered",0.0,20.32,12.49,81.25
chives,"Chives, raw",4.35,0.73,3.27,100.0
chocolate,"Milk, chocolate, fluid, commercial, whole, with added vitamin A and vitamin D",10.34,3.39,3.17,100.0
chocolate bar,"Candies, MR. GOODBAR Chocolate Bar",54.34,33.21,10.22,100.0
chocolate bark,"Candies, MR. GOODBAR Chocolate Bar",54.34,33.21,10.22,96.2962962962963
chocolate bars,"Candies, MR. GOODBAR Chocolate Bar",54.34,33.21,10.22,96.2962962962963
chocolate bits,"Soymilk, chocolate, with added calcium, vitamins A and D",9.95,1.53,2.26,85.71428571428572
chocolate cake,"Ice cream, bar or stick, chocolate covered",24.5,24.1,4.1,85.71428571428572
chocolate cake mix,"Cereals ready-to-eat, GENERAL MILLS, Chocolate CHEX",81.09,8.39,4.8,81.25
chocolate candy melts,"Candies, MARS SNACKFOOD US, M&M's Peanut Chocolate Candies",60.48,26.13,9.57,84.21052631578947
chocolate chip cookies,"Cookies, chocolate chip, commercially prepared, regular, lower fat",67.49,17.91,5.97,81.81818181818181
chocolate chips,"Cookies, marshmallow, with rice cereal and chocolate chips",63.26,18.18,4.55,100.0
chocolate cookies,"Candies, MARS SNACKFOOD US, M&M's Peanut Chocolate Candies",60.48,26.13,9.57,82.35294117647058
chocolate creme drops,"Pie, chocolate creme, commercially prepared",38.44,22.41,4.15,80.95238095238095
chocolate curls,"Ice cream, bar or stick, chocolate covered",24.5,24.1,4.1,80.0
chocolate dates,"Candies, sweet chocolate coated fondant",80.4,9.3,2.2,86.66666666666667
chocolate flavor,"Syrups, chocolate, HERSHEY'S Genuine Chocolate Flavored Lite Syrup",34.56,0.97,1.4,100.0
chocolate flavored,"Syrups, chocolate, HERSHEY'S Genuine Chocolate Flavored Lite Syrup",34.56,0.97,1.4,100.0
chocolate flavored drink,"Beverages, Chocolate-flavored drink, whey and milk based",10.68,0.4,0.64,95.83333333333334
chocolate frosting,"Cake, cherry fudge with chocolate frosting",38.0,12.5,2.4,100.0
chocolate fudge cake,"Candies, MARS SNACKFOOD US, TWIX chocolate fudge cookie bars",56.0,33.3,7.3,90.0
chocolate fudge topping,"Candies, MARS SNACKFOOD US, TWIX chocolate fudge cookie bars",56.0,33.3,7.3,78.26086956521739
chocolate hershey,"Syrups, chocolate, HERSHEY'S Genuine Chocolate Flavored Lite Syrup",34.56,0.97,1.4,94.11764705882352
chocolate ice cream,"Candies, milk chocolate coated raisins",68.4,14.8,4.1,78.94736842105263
chocolate icing,"Cookie, butter or sugar, with chocolate icing or filling",68.83,23.5,4.1,100.0
chocolate kisses,"Cookies, marshmallow, with rice cereal and chocolate chips",63.26,18.18,4.55,77.41935483870968
chocolate mix,"Beverages, chocolate drink, milk and soy based, ready to drink, fortified",17.3,1.69,4.22,84.61538461538461
chocolate pie crust,"Formulated bar, SLIM-FAST OPTIMA meal bar, milk chocolate peanut",60.21,8.92,16.19,80.0
chocolate powder,"Beverages, chocolate powder, no sugar added",68.31,4.5,9.09,100.0
chocolate sandwich cookies,"Cookies, chocolate sandwich, with extra creme filling",68.2,24.52,4.33,80.76923076923077
chocolate squares,"Beverage, instant breakfast powder, chocolate, sugar-free, not reconstituted",41.0,5.1,35.8,82.35294117647058
chocolate stars,"Candies, MR. GOODBAR Chocolate Bar",54.34,33.21,10.22,85.71428571428572
chocolate syrup,"Candies, fudge, chocolate, prepared-from-recipe",76.7,10.41,2.39,80.0
chocolate topping,"Snacks, granola bars, soft, coated, milk chocolate coating, peanut butter",53.4,31.1,10.2,82.35294117647058
chocolate wafer cookie crumbs,"Candies, MARS SNACKFOOD US, TWIX chocolate fudge cookie bars",56.0,33.3,7.3,78.57142857142857
chocolate wafer crumbs,"Cookies, chocolate wafers",72.7,14.2,6.6,84.21052631578947
chocolate wafers,"Cookies, chocolate wafers",72.7,14.2,6.6,100.0
chocolate-flavored,"Cereals ready-to-eat, chocolate-flavored frosted puffed corn",87.2,3.5,3.34,100.0
chocolate-flavored syrup,Chocolate-flavored hazelnut spread,62.36,29.73,5.41,88.37209302325581
choice,"Beef, flank, steak, separable lean only, trimmed to 0"" fat, choice, raw",0.0,6.29,21.72,100.0
chopped cheese,"Snacks, tortilla chips, nacho cheese",60.81,27.42,7.36,83.33333333333334
chorizo,"Sausage, pork, chorizo, link or ground, cooked, pan-fried",2.63,28.1,19.3,100.0
chuck,"Beef, chuck, blade roast, separable lean only, trimmed to 0"" fat, all grades, cooked, braised",0.0,13.3,31.06,100.0
chunk breast of chicken,"Fat, chicken",0.0,99.8,0.0,85.71428571428572
chunk white chicken,"Fat, chicken",0.0,99.8,0.0,81.81818181818181
chunks,"Soup, chicken, canned, chunky, ready-to-serve",6.88,2.64,5.06,83.33333333333334
chunky peanut butter,"Candies, honey-combed, with peanut butter",67.41,20.18,8.72,85.71428571428572
cider,"Vinegar, cider",0.93,0.0,0.0,100.0
cider vinegar,"Salad dressing, home recipe, vinegar and oil",2.5,50.1,0.0,84.61538461538461
cilantro,"Coriander (cilantro) leaves, raw",3.67,0.52,2.13,100.0
cinnamon,"Spices, cinnamon, ground",80.59,1.24,3.99,100.0
cinnamon buns,"Cinnamon buns, frosted (includes honey buns)",48.6,26.61,4.45,100.0
cinnamon candies,"Cereals ready-to-eat, KELLOGG, KELLOGG'S SPECIAL K, Cinnamon Pecan",81.2,6.0,7.5,80.0
cinnamon red,"Cinnamon buns, frosted (includes honey buns)",48.6,26.61,4.45,85.71428571428572
cinnamon stick,"Cereals ready-to-eat, GENERAL MILLS, CINNAMON TOAST CRUNCH",77.99,10.25,5.45,78.57142857142857
cinnamon sugar,"Cinnamon buns, frosted (includes honey buns)",48.6,26.61,4.45,80.0
citron,"Infant formula, MEAD JOHNSON, ENFAMIL, Premature, 20 calories ready-to-feed Low iron",7.21,3.34,1.97,80.0
clam chowder,"Soup, clam chowder, manhattan style, canned, chunky, ready-to-serve",7.84,1.41,3.02,100.0
clam juice,"Babyfood, apple-banana juice",12.3,0.1,0.2,82.35294117647058
clams,"Chicken, gizzard, all classes, cooked, simmered",0.0,2.68,30.39,80.0
cleaned strawberries,"Strawberries, raw",7.68,0.3,0.67,82.75862068965517
clove,"Spices, cloves, ground",65.53,13.0,5.97,100.0
clove flavor,"Snacks, GENERAL MILLS, CHEX MIX, traditional flavor",75.69,10.0,8.83,80.0
cloves,"Spices, cloves, ground",65.53,13.0,5.97,100.0
club soda,"Beverages, carbonated, club soda",0.0,0.0,0.0,100.0
coal,"Collards, raw",5.42,0.61,3.02,85.71428571428572
coarse ground mustard,Lard,0.0,100.0,0.0,85.71428571428572
coating,"Ice cream bar, stick or nugget, with crunch coating",37.12,25.26,2.11,100.0
coating chocolate,"Baking chocolate, unsweetened, squares",28.42,52.31,14.32,84.84848484848484
coca-cola,"Beverages, THE COCA-COLA COMPANY, NOS Zero, energy drink, sugar-free with guarana, fortified with vitamins B6 and B12",1.03,0.0,0.0,100.0
cocoa,"Cereals ready-to-eat, KELLOGG, KELLOGG'S COCOA KRISPIES",87.9,2.7,4.6,100.0
cocoa powder,"Spices, garlic powder",72.73,0.73,16.55,80.0
coconut,"Oil, coconut",0.84,99.1,0.0,100.0
coconut cream,"Nuts, coconut cream, canned, sweetened",53.21,16.31,1.17,100.0
coconut flakes,"Cereals ready-to-eat, KELLOGG, KELLOGG'S Corn Flakes",84.1,0.4,7.5,80.0
coconut flavoring,"Cake, white, prepared from recipe with coconut frosting",63.2,10.3,4.4,78.78787878787878
coconut milk,"Nuts, coconut milk, raw (liquid expressed from grated meat and water)",5.54,23.84,2.29,100.0
coconuts,"Oil, coconut",0.84,99.1,0.0,93.33333333333333
cod fillet,Vegetarian fillets,9.0,18.0,23.0,77.77777777777779
cod fillets,Vegetarian fillets,9.0,18.0,23.0,84.21052631578947
codfish,"Fish, swordfish, raw",0.0,6.65,19.66,85.71428571428572
coffee,"Cream, fluid, light (coffee cream or table cream)",3.66,19.1,2.96,100.0
coffee cream,"Cream, fluid, light (coffee cream or table cream)",3.66,19.1,2.96,100.0
coffee creamer,"Cream, fluid, light (coffee cream or table cream)",3.66,19.1,2.96,85.71428571428572
cola,"Milk, chocolate, fluid, commercial, whole, with added vitamin A and vitamin D",10.34,3.39,3.17,100.0
colby cheese,"Soup, broccoli cheese, canned, condensed, commercial",7.7,5.3,2.1,83.33333333333334
cold butter,"Nuts, almond butter, plain, with salt added",18.82,55.5,20.96,81.81818181818181
cold eggnog,Eggnog,8.05,4.19,4.55,100.0
cold ginger ale,"Beverages, carbonated, ginger ale",8.76,0.0,0.0,85.71428571428572
cold half and half,"Cream, fluid, half and half",4.3,11.5,3.13,88.23529411764706
cold margarine,"Margarine,spread, 35-39% fat, tub",1.52,37.98,0.23,78.26086956521739
cold mashed potatoes,"Turkey, stuffing, mashed potatoes w/gravy, assorted vegetables, frozen, microwaved",16.32,3.89,6.97,80.0
cold milk,"Cheese, ricotta, whole milk",6.86,11.0,7.81,82.35294117647058
cold shortening,"Shortening industrial, soybean (hydrogenated) and cottonseed",0.0,100.0,0.0,80.0
cold tap water,"Beverages, coffee, brewed, prepared with tap water",0.0,0.02,0.12,83.33333333333334
cold turkey,"Bacon, turkey, microwaved",4.24,25.87,29.5,81.81818181818181
cold water,"Beverages, carbonated, tonic water",8.8,0.0,0.0,82.35294117647058
cole slaw,"Restaurant, family style, coleslaw",12.35,11.78,0.88,94.11764705882352
coleslaw mix,"Restaurant, family style, coleslaw",12.35,11.78,0.88,80.0
collard greens,Lard,0.0,100.0,0.0,100.0
colored marshmallows,"Cookies, marshmallow, chocolate-coated (includes marshmallow pies)",67.7,16.9,4.0,80.0
colored sugar,"Milk, chocolate, lowfat, reduced sugar",7.68,1.04,3.43,81.81818181818181
coloring,"Oil, peanut, salad or cooking",0.0,100.0,0.0,80.0
comino seed,"Spices, cumin seed",44.24,22.27,17.81,85.71428571428572
concentrate,"Apple juice, frozen concentrate, unsweetened, undiluted, without added ascorbic acid",41.0,0.37,0.51,100.0
condensed beef,"Milk, canned, condensed, sweetened",54.4,8.7,7.91,78.57142857142857
condensed beef broth,Fish broth,0.4,0.6,2.0,82.35294117647058
condensed chicken,"Fat, chicken",0.0,99.8,0.0,80.0
condensed cream,"Soup, cream of mushroom, canned, condensed, reduced sodium",8.1,1.69,1.21,80.0
condensed milk,"Soup, broccoli cheese, canned, condensed, commercial",7.7,5.3,2.1,78.57142857142857
condensed sweetened milk,"Milk, canned, condensed, sweetened",54.4,8.7,7.91,86.36363636363636
confectioner sugar,"Candies, confectioner's coating, yogurt",63.94,27.0,5.87,77.77777777777779
confectioners sugar,"Candies, confectioner's coating, yogurt",63.94,27.0,5.87,78.94736842105263
container yogurt,Tofu yogurt,15.96,1.8,3.5,77.77777777777779
containers,"Beverages, carbonated, reduced sugar, cola, contains caffeine and sweeteners",5.16,0.0,0.0,80.0
containers yogurt,Tofu yogurt,15.96,1.8,3.5,77.77777777777779
containing,"Beverages, Fruit flavored drink containing less than 3% fruit juice, with high vitamin C",6.67,0.0,0.0,100.0
cook chicken,"Restaurant, Chinese, kung pao chicken",6.87,6.98,9.76,85.71428571428572
cook grits,"Cereals, corn grits, white, regular and quick, enriched, dry",79.09,1.75,7.65,80.0
cooked broccoli,"HOT POCKETS, CROISSANT POCKETS Chicken, Broccoli, and Cheddar Stuffed Sandwich, frozen",30.4,8.6,8.9,80.0
cooked grits,"Kielbasa, fully cooked, grilled",5.03,29.68,12.45,83.33333333333334
cooked sweet potatoes,"Babyfood, fruit and vegetable, apple and sweet potato",15.3,0.22,0.3,80.0
cookie crumbs,"Cereals ready-to-eat, GENERAL MILLS, COOKIE CRISP",84.5,4.4,5.2,80.0
cookie crust,"Cereals ready-to-eat, GENERAL MILLS, COOKIE CRISP",84.5,4.4,5.2,83.33333333333334
cookies,"Babyfood, cookies",67.1,13.2,11.8,100.0
cooking oil,"Oil, safflower, salad or cooking, high oleic (primary safflower oil of commerce)",0.0,100.0,0.0,81.81818181818181
cooking sherry,"Oil, PAM cooking spray, original",20.69,78.69,0.26,78.57142857142857
cooking spray,"Oil, PAM cooking spray, original",20.69,78.69,0.26,100.0
cooled,"Egg, whole, cooked, hard-boiled",1.12,10.61,12.58,83.33333333333334
coriander,"Spices, coriander leaf, dried",52.1,4.78,21.93,100.0
coriander seed,"Coriander (cilantro) leaves, raw",3.67,0.52,2.13,83.33333333333334
corn,"Babyfood, vegetable, butternut squash and corn",9.26,0.6,2.0,100.0
corn bread,"Bread, cornbread, dry mix, enriched (includes corn muffin mix)",69.5,12.2,7.0,90.0
corn bread crumbs,"Bread, white, commercially prepared (includes soft bread crumbs)",49.2,3.59,9.43,83.87096774193549
corn bread stuffing,"Bread, stuffing, dry mix",76.2,3.4,11.0,82.35294117647058
corn chips,"Snacks, taro chips",68.1,24.9,2.3,82.35294117647058
corn flake crumbs,"Breakfast bar, corn flake crust with fruit",72.8,7.5,4.4,88.23529411764706
corn flakes,"Cereals ready-to-eat, KELLOGG, KELLOGG'S Corn Flakes",84.1,0.4,7.5,100.0
corn flour,"Corn flour, masa, enriched, white",76.59,3.69,8.46,100.0
corn meal,"Cornmeal, degermed, enriched, yellow",79.45,1.75,7.11,94.11764705882352
corn mix,"Snacks, popcorn, microwave, low fat",72.0,9.5,12.6,87.5
corn muffin,"Bread, cornbread, dry mix, enriched (includes corn muffin mix)",69.5,12.2,7.0,100.0
corn oil,"Corn flour, masa, enriched, white",76.59,3.69,8.46,80.0
corn starch,"Bread, gluten-free, white, made with rice flour, corn starch, and/or tapioca",45.78,5.24,4.31,100.0
corn stuffing mix,"Bread, cornbread, dry mix, enriched (includes corn muffin mix)",69.5,12.2,7.0,84.84848484848484
corn syrup,"Beverages, Energy Drink with carbonated water and high fructose corn syrup",15.0,0.0,0.42,100.0
corn tortilla chips,"Snacks, tortilla chips, plain, white corn, salted",67.78,20.68,7.1,84.21052631578947
corn tortillas,"Tortillas, ready-to-bake or -fry, corn",44.64,2.85,5.7,78.26086956521739
cornbread,"Bread, cornbread, dry mix, enriched (includes corn muffin mix)",69.5,12.2,7.0,100.0
cornbread crumbs,"Bread, white, commercially prepared (includes soft bread crumbs)",49.2,3.59,9.43,82.75862068965517
cornbread stuffing,"Bread, stuffing, dry mix",76.2,3.4,11.0,84.84848484848484
corned beef,"Beef, cured, corned beef, brisket, cooked",0.47,18.98,18.17,100.0
corned beef hash,"Beef, corned beef hash, with potato, canned",9.27,10.24,8.73,100.0
cornflake crumbs,"Breakfast bar, corn flake crust with fruit",72.8,7.5,4.4,87.5
cornflakes,"Cereals ready-to-eat, KELLOGG, KELLOGG'S Corn Flakes",84.1,0.4,7.5,90.0
cornmeal,"Cornmeal, degermed, enriched, yellow",79.45,1.75,7.11,100.0
cornmeal mix,"Cornmeal, degermed, enriched, yellow",79.45,1.75,7.11,81.81818181818181
cornmeal mush,"Cornmeal, degermed, enriched, yellow",79.45,1.75,7.11,78.26086956521739
cornstarch,Cornstarch,91.27,0.05,0.26,100.0
country,"Pork, cured, ham, center slice, country-style, separable lean only, raw",0.3,8.32,27.8,100.0
country butter,"Candies, honey-combed, with peanut butter",67.41,20.18,8.72,78.26086956521739
country-style,"Pork, cured, ham, center slice, country-style, separable lean only, raw",0.3,8.32,27.8,100.0
couple,"Cereals ready-to-eat, KELLOGG, KELLOGG'S ALL-BRAN COMPLETE Wheat Flakes",81.6,2.5,10.2,83.33333333333334
couscous,"Couscous, cooked",23.22,0.16,3.79,100.0
crab,"Crustaceans, crab, alaska king, imitation, made from surimi",15.0,0.46,7.62,100.0
crab boil,"Corn, sweet, yellow, frozen, kernels cut off cob, boiled, drained, without salt",19.3,0.67,2.55,77.77777777777779
crab meat,Vegetarian meatloaf or patties,8.0,9.0,21.0,77.77777777777779
crab sticks,"Restaurant, family style, fried mozzarella sticks",25.14,18.33,14.75,84.21052631578947
cracked ice,"Rolls, hamburger or hot dog, wheat/cracked wheat",47.31,3.61,11.69,81.81818181818181
cracker crumbs,"Crackers, crispbread, rye",82.2,1.3,7.9,78.57142857142857
crackers,"Babyfood, crackers, vegetable",66.85,19.6,8.4,100.0
crackling,"Cereals ready-to-eat, KELLOGG, KELLOGG'S CRACKLIN' OAT BRAN",70.3,14.1,9.2,88.88888888888889
cracklings,"Cereals ready-to-eat, KELLOGG, KELLOGG'S CRACKLIN' OAT BRAN",70.3,14.1,9.2,80.0
cracklins,"Cereals ready-to-eat, KELLOGG, KELLOGG'S CRACKLIN' OAT BRAN",70.3,14.1,9.2,88.88888888888889
craisins,"Cereals ready-to-eat, QUAKER, QUAKER 100% Natural Granola with Oats, Wheat, Honey, and Raisins",74.67,10.38,9.66,93.33333333333333
cranberries,"Cranberries, raw",11.97,0.13,0.46,100.0
cranberry,"Cereals ready-to-eat, POST GREAT GRAINS Cranberry Almond Crunch",76.6,5.9,8.9,100.0
cranberry juice,"Cranberry juice blend, 100% juice, bottled, with added vitamin C and calcium",10.91,0.12,0.27,100.0
cranberry juice cocktail,"Cranberry juice cocktail, bottled",13.52,0.1,0.0,100.0
cranberry salad,"Cranberry sauce, canned, sweetened",40.4,0.15,0.9,88.88888888888889
cranberry sauce,"Cranberry sauce, canned, sweetened",40.4,0.15,0.9,100.0
crawfish,"Crustaceans, crayfish, mixed species, wild, raw",0.0,0.95,15.97,87.5
cream,"Cheese, cottage, creamed, large or small curd",3.38,4.3,11.12,100.0
cream cheese,"Cheese spread, cream cheese base",3.5,28.6,7.1,100.0
cream cheese frosting,"Cheese, fontina",1.55,31.14,25.6,80.0
cream chicken soup,"Babyfood, dinner, chicken soup, strained",7.2,1.7,1.6,77.77777777777779
cream horseradish,"Sauce, horseradish",10.05,50.89,1.09,87.5
cream mushroom soup,"Soup, cream of mushroom, canned, condensed",6.8,5.3,1.35,78.94736842105263
cream of asparagus soup,"Soup, cream of asparagus, canned, condensed",8.52,3.26,1.82,82.6086956521739
cream of celery,"Soup, cream of celery, canned, condensed",7.03,4.46,1.32,100.0
cream of celery soup,"Soup, cream of celery, canned, condensed",7.03,4.46,1.32,80.0
cream of chicken,"Soup, cream of chicken, canned, condensed",7.16,5.77,2.38,100.0
cream of chicken soup,"Soup, cream of chicken, canned, condensed",7.16,5.77,2.38,80.95238095238095
cream of coconut,"Oil, coconut",0.84,99.1,0.0,81.81818181818181
cream of mushroom,"Soup, cream of mushroom, canned, condensed",6.8,5.3,1.35,100.0
cream of mushroom soup,"Soup, cream of mushroom, low sodium, ready-to-serve, canned",4.53,3.7,1.0,86.36363636363636
cream of onion soup,"Soup, cream of onion, canned, condensed",10.4,4.2,2.2,78.94736842105263
cream of potato soup,"Soup, cream of potato, canned, condensed",12.79,1.88,1.51,80.0
cream of shrimp soup,"Soup, cream of shrimp, canned, prepared with equal volume low fat (2%) milk",5.64,3.23,2.78,80.0
cream of tartar,"Leavening agents, cream of tartar",61.5,0.0,0.0,100.0
cream of wheat,"Cereals, CREAM OF WHEAT, regular, 10 minute cooking, dry",76.5,1.5,10.5,100.0
cream soup,"Cream, sour, cultured",4.63,19.35,2.44,90.0
cream style corn,"Corn, sweet, yellow, canned, cream style, regular pack",18.13,0.42,1.74,81.25
cream syrup,"Cream substitute, liquid, with hydrogenated vegetable oil and soy protein",11.38,9.97,1.0,84.21052631578947
cream-style,"Corn, sweet, yellow, canned, cream style, regular pack",18.13,0.42,1.74,90.9090909090909
cream-style horseradish,"Sauce, horseradish",10.05,50.89,1.09,83.87096774193549
creamed soup,"Cream, sour, cultured",4.63,19.35,2.44,81.81818181818181
creamer,"Beverages, coffee, instant, vanilla, sweetened, decaffeinated, with non dairy creamer",86.28,13.33,0.0,100.0
creamy soup,"Cream, sour, cultured",4.63,19.35,2.44,85.71428571428572
creme,"Alcoholic beverage, creme de menthe, 72 proof",41.6,0.3,0.0,100.0
creole seasoning,"Spices, poultry seasoning",65.59,7.53,9.59,78.57142857142857
crepes,"Cress, garden, raw",5.5,0.7,2.6,80.0
crisp cornflakes,"Cereals ready-to-eat, KELLOGG, KELLOGG'S Corn Flakes",84.1,0.4,7.5,82.75862068965517
crisp rice cereal,"Candies, milk chocolate, with rice cereal",59.67,29.37,7.64,82.75862068965517
crispy rice cereal,"Candies, milk chocolate, with rice cereal",59.67,29.37,7.64,80.0
croutons,"Croutons, seasoned",63.5,18.3,10.8,100.0
crunchy,"Cereals ready-to-eat, GENERAL MILLS, OATMEAL CRISP, Crunchy Almond",78.09,6.69,9.89,100.0
crunchy peanut butter,"Cereals ready-to-eat, QUAKER, CAP'N CRUNCH'S PEANUT BUTTER CRUNCH",78.65,9.23,7.1,90.47619047619048
crushed cheese,"Bread, cheese",44.83,20.83,10.42,81.81818181818181
crushed soda crackers,Rice crackers,82.64,5.0,10.0,81.81818181818181
crushed special k,"Cereals ready-to-eat, KELLOGG, KELLOGG'S SPECIAL K",73.4,1.79,17.79,78.57142857142857
crushed strawberries,"Strawberries, raw",7.68,0.3,0.67,82.75862068965517
crust,"Crustaceans, crab, alaska king, imitation, made from surimi",15.0,0.46,7.62,100.0
crust pie,"Breakfast bar, corn flake crust with fruit",72.8,7.5,4.4,77.77777777777779
crusts,"Crustaceans, crab, alaska king, imitation, made from surimi",15.0,0.46,7.62,90.9090909090909
crusty,"Crustaceans, crab, alaska king, imitation, made from surimi",15.0,0.46,7.62,90.9090909090909
crystal white syrup,Fruit syrup,85.13,0.0,0.0,80.0
cubed apples,"Toaster Pastries, fruit, frosted (include apples, blueberry, cherry, strawberry)",71.83,9.02,4.01,83.33333333333334
cubed cheese,"Soybean, curd cheese",6.9,8.1,12.5,86.95652173913044
cubes,"Soup, bouillon cubes and granules, low sodium, dry",64.88,13.89,16.7,100.0
cucumber,"Cucumber, with peel, raw",3.63,0.11,0.65,100.0
cucumbers,"Cucumber, with peel, raw",3.63,0.11,0.65,94.11764705882352
cukes,"Babyfood, crackers, vegetable",66.85,19.6,8.4,80.0
cumin,"Spices, cumin seed",44.24,22.27,17.81,100.0
cumin powder,"Beverages, ABBOTT, EAS whey protein powder",17.95,5.13,66.67,85.71428571428572
cumin seed,"Spices, cumin seed",44.24,22.27,17.81,100.0
cured ham,"Pork, cured, ham, boneless, regular (approximately 11% fat), roasted",0.0,9.02,22.62,88.88888888888889
curly noodles,"Restaurant, Chinese, vegetable chow mein, without meat or noodles",5.74,1.68,1.34,81.81818181818181
currants,"Currants, zante, dried",76.98,0.22,3.43,100.0
curry,"Currants, zante, dried",76.98,0.22,3.43,88.88888888888889
curry powder,"Soup, cream of vegetable, dry, powder",52.1,24.1,8.0,81.81818181818181
cut asparagus,"Asparagus, raw",3.88,0.12,2.2,81.81818181818181
cut rhubarb,"Rhubarb, raw",4.54,0.2,0.9,77.77777777777779
cuts,"Pork, fresh, composite of trimmed retail cuts (leg, loin, shoulder), separable lean only, raw",0.0,4.86,21.2,100.0
dark brown sugar,"Cereals, oats, instant, fortified, maple and brown sugar, dry",76.67,4.73,9.25,81.25
dark chocolate,"Candies, MR. GOODBAR Chocolate Bar",54.34,33.21,10.22,92.85714285714286
dark molasses,Molasses,74.73,0.1,0.0,100.0
dark raisins,"Cereals ready-to-eat, QUAKER, QUAKER 100% Natural Granola with Oats, Wheat, Honey, and Raisins",74.67,10.38,9.66,85.71428571428572
dark red kidney beans,"Beans, liquid from stewed kidney beans",2.8,3.2,1.8,83.33333333333334
dates,"Dates, deglet noor",75.03,0.39,2.45,100.0
deer,"Game meat, deer, ground, raw",0.0,7.13,21.78,100.0
deer loin,"Game meat, deer, loin, separable lean only, 1"" steak, cooked, broiled",0.0,2.38,30.2,88.88888888888889
deer meat,"Chicken, broilers or fryers, dark meat, drumstick, meat only, cooked, roasted",0.0,5.7,24.24,77.77777777777779
del monte,"Cheese, monterey",0.68,30.28,24.48,77.77777777777779
deli,"Ham, sliced, pre-packaged, deli meat (96%fat free, water added)",0.27,3.73,16.7,100.0
deli beef,"Fast foods, burrito, with beans, cheese, and beef",23.37,6.8,7.03,80.0
deli-style,"Roast beef, deli style, prepackaged, sliced",0.64,3.69,18.62,90.0
dew,"Melons, honeydew, raw",9.09,0.14,0.54,100.0
dijon mustard,Lard,0.0,100.0,0.0,85.71428571428572
dijon style mustard,Lard,0.0,100.0,0.0,85.71428571428572
dill,"Passion-fruit, (granadilla), purple, raw",23.38,0.7,2.2,100.0
dill sauce,"Fast foods, cheeseburger; double, regular patty; double decker bun with condiments and special sauce",21.53,14.1,11.94,84.21052631578947
dipping chocolate,"Puddings, chocolate, ready-to-eat",23.01,4.6,2.09,82.35294117647058
dish crust,"Fast Food, Pizza Chain, 14"" pizza, cheese topping, stuffed crust",30.0,11.63,12.23,82.35294117647058
dish pie crust,"Pie crust, standard-type, frozen, ready-to-bake, enriched, baked",56.24,28.59,6.5,78.26086956521739
dough,"Biscuits, plain or buttermilk, refrigerated dough, higher fat, baked",49.05,11.22,6.79,100.0
doves,"Dove, cooked (includes squab)",0.0,13.0,23.9,88.88888888888889
dream whip,"Cream, whipped, cream topping, pressurized",12.49,22.22,3.2,90.0
dream whip*,"Cream, whipped, cream topping, pressurized",12.49,22.22,3.2,81.81818181818181
dressing,"Salad dressing, KRAFT Mayo Fat Free Mayonnaise Dressing",15.8,0.0,0.2,100.0
dressing mix,"Salad dressing, mayonnaise type, regular, with salt",14.78,21.6,0.65,83.33333333333334
dried apricots,"Babyfood, fruit, applesauce and apricots, strained",11.64,0.2,0.2,78.57142857142857
dried beef,"Beef, cured, corned beef, brisket, cooked",0.47,18.98,18.17,80.0
dried mustard,Lard,0.0,100.0,0.0,85.71428571428572
drops almond,"Oil, almond",0.0,100.0,0.0,77.77777777777779
drumsticks,"Chicken, broilers or fryers, drumstick, meat and skin, cooked, roasted",0.0,10.15,23.35,90.0
dry lentils,"Lentils, raw",63.35,1.06,24.63,77.77777777777779
dry mustard,Lard,0.0,100.0,0.0,85.71428571428572
dry red kidney beans,"Beans, liquid from stewed kidney beans",2.8,3.2,1.8,85.71428571428572
dry white,"Corn flour, masa, enriched, white",76.59,3.69,8.46,82.35294117647058
duck,"Egg, duck, whole, fresh, raw",1.45,13.77,12.81,100.0
dusting,"Cake, cherry fudge with chocolate frosting",38.0,12.5,2.4,83.33333333333334
each jello,"Candies, gumdrops, starch jelly pieces",98.9,0.0,0.0,80.0
each soda,"Carbonated beverage, cream soda",13.3,0.0,0.0,82.35294117647058
egg,Eggnog,8.05,4.19,4.55,100.0
egg color,"Beverages, yellow green colored citrus soft drink with caffeine",12.83,0.0,0.0,77.77777777777779
egg nog,Eggnog,8.05,4.19,4.55,83.33333333333334
egg noodles,"Restaurant, Chinese, vegetable chow mein, without meat or noodles",5.74,1.68,1.34,84.21052631578947
egg plant,"Eggplant, raw",5.88,0.18,0.98,94.11764705882352
egg roll,"Egg rolls, pork, refrigerated, heated",29.5,7.17,9.94,100.0
egg roll skins,"Egg rolls, pork, refrigerated, heated",29.5,7.17,9.94,78.26086956521739
egg scramblers,"Fast foods, egg, scrambled",2.08,16.18,13.84,85.71428571428572
egg substitute,"Egg substitute, liquid or frozen, fat free",2.0,0.0,10.0,100.0
egg white,"Egg, white, raw, fresh",0.73,0.17,10.9,88.88888888888889
egg whites,"Egg, white, raw, fresh",0.73,0.17,10.9,90.0
egg yolk,"Egg, yolk, raw, fresh",3.59,26.54,15.86,87.5
egg yolks,"Egg, yolk, raw, fresh",3.59,26.54,15.86,88.88888888888889
egg(s,"Bread, cornbread, dry mix, prepared with 2% milk, 80% margarine, and eggs",54.46,9.58,6.59,88.88888888888889
eggnog,Eggnog,8.05,4.19,4.55,100.0
eggplant,"Eggplant, raw",5.88,0.18,0.98,100.0
eggplants,"Eggplant, raw",5.88,0.18,0.98,94.11764705882352
eggs,"Bread, cornbread, dry mix, prepared with 2% milk, 80% margarine, and eggs",54.46,9.58,6.59,100.0
english muffins,"Fast foods, english muffin, with cheese and sausage",25.28,20.67,13.28,93.33333333333333
english peas,"Muffins, English, plain, enriched, with ca prop (includes sourdough)",44.17,1.69,8.87,83.33333333333334
equal,"Soup, clam chowder, new england, canned, prepared with equal volume low fat (2%) milk",7.46,2.02,3.24,100.0
espresso,"Beverages, coffee, brewed, espresso, restaurant-prepared, decaffeinated",1.69,0.18,0.1,100.0
extra crunchy peanut butter,"Cereals ready-to-eat, QUAKER, CAP'N CRUNCH'S PEANUT BUTTER CRUNCH",78.65,9.23,7.1,81.4814814814815
extra lean ground beef,"Fast foods, nachos, with cheese, beans, ground beef, and tomatoes",21.39,12.48,6.21,77.27272727272727
extra oil,"Olives, ripe, canned (small-extra large)",6.04,10.9,0.84,77.77777777777779
eye roast,"Fast foods, submarine sandwich, turkey, roast beef and ham on white bread with lettuce and tomato",20.36,2.42,10.66,88.88888888888889
fashion cheese,"Snacks, tortilla chips, nacho cheese",60.81,27.42,7.36,80.0
fat,"Cheese, cottage, nonfat, uncreamed, dry, large or small curd",6.66,0.29,10.34,100.0
feet,"Chicken, feet, boiled",0.2,14.6,19.4,100.0
fennel,"Fennel, bulb, raw",7.3,0.2,1.24,100.0
feta cheese,"Parmesan cheese topping, fat free",40.0,5.0,40.0,81.81818181818181
fiber,"Child formula, ABBOTT NUTRITION, PEDIASURE, ready-to-feed, with iron and fiber",11.28,4.7,2.8,100.0
fiesta,"Cheese, feta",3.88,21.49,14.21,80.0
figs,"Figs, raw",19.18,0.3,0.75,100.0
filet,"Babyfood, ravioli, cheese filled, with tomato sauce",16.3,2.2,3.6,80.0
filling,"Babyfood, fortified cereal bar, fruit filling",68.63,5.3,5.43,100.0
filo dough,Phyllo dough,52.6,6.0,7.1,88.88888888888889
fine cracker crumbs,Rice crackers,82.64,5.0,10.0,80.0
fine spaghetti,"Babyfood, dinner, spaghetti and tomato and meat, junior",11.42,1.37,2.57,85.71428571428572
firm white fish,"Fish, whitefish, mixed species, raw",0.0,5.86,19.09,80.0
fish,"Soup, stock, fish, home-prepared",0.0,0.81,2.26,100.0
fish fillet,"Restaurant, family style, fish fillet, battered or breaded, fried",16.89,10.79,13.49,100.0
fish fillets,"Restaurant, family style, fish fillet, battered or breaded, fried",16.89,10.79,13.49,91.66666666666666
fish heads,"Fish, haddock, raw",0.0,0.45,16.3,84.21052631578947
fish stock,"Fish, fish sticks, frozen, prepared",21.66,16.23,11.01,90.0
fisher's pecans,"Nuts, pecans",13.86,71.97,9.17,80.0
flake coconut,"Oil, coconut",0.84,99.1,0.0,80.0
flaked coconut,"Oil, coconut",0.84,99.1,0.0,80.0
flaky biscuits,"Cookies, animal crackers (includes arrowroot, tea biscuits)",74.1,13.8,6.9,80.0
flan,"Beef, flank, steak, separable lean only, trimmed to 0"" fat, choice, raw",0.0,6.29,21.72,100.0
flank steak,"Beef, flank, steak, separable lean only, trimmed to 0"" fat, choice, raw",0.0,6.29,21.72,90.9090909090909
flats,"Seeds, flaxseed",28.88,42.16,18.29,80.0
flavor,"Cream substitute, flavored, liquid",35.07,13.5,0.69,100.0
flavored jello,Chocolate-flavored hazelnut spread,62.36,29.73,5.41,78.57142857142857
flax seed,"Seeds, flaxseed",28.88,42.16,18.29,94.11764705882352
flounder,"Fish, flatfish (flounder and sole species), raw",0.0,1.93,12.41,100.0
flour,Potato flour,83.1,0.34,6.9,100.0
floured blueberries,"Blueberries, raw",14.49,0.33,0.74,81.4814814814815
flowers,"Pumpkin flowers, cooked, boiled, drained, without salt",3.3,0.08,1.09,100.0
fluid,"Cream, fluid, half and half",4.3,11.5,3.13,100.0
fontina cheese,"Babyfood, macaroni and cheese, toddler",11.2,2.6,3.5,78.57142857142857
food,"Cheese, cheddar (Includes foods for USDA's Food Distribution Program)",2.44,34.0,23.3,100.0
food color,"Babyfood, cookie, baby, fruit",73.7,12.6,6.8,80.0
foods,"Cheese, cheddar (Includes foods for USDA's Food Distribution Program)",2.44,34.0,23.3,100.0
four,Potato flour,83.1,0.34,6.9,85.71428571428572
fra,"Frankfurter, beef, unheated",2.89,28.0,11.7,100.0
frango,"Frankfurter, beef, unheated",2.89,28.0,11.7,80.0
frankfurters,"Frankfurter, beef, unheated",2.89,28.0,11.7,95.65217391304348
franks,"Frankfurter, beef, unheated",2.89,28.0,11.7,90.9090909090909
french dressing,"Salad dressing, french dressing, reduced fat",31.22,11.52,0.58,100.0
french fried onions,"Fast foods, potato, french fried in vegetable oil",41.44,14.73,3.43,78.94736842105263
french mustard,Lard,0.0,100.0,0.0,85.71428571428572
french vanilla pudding,"Babyfood, dessert, cherry vanilla pudding, strained",17.8,0.3,0.2,81.81818181818181
fresh asparagus,"Asparagus, raw",3.88,0.12,2.2,78.26086956521739
fresh asparagus spears,"Asparagus, raw",3.88,0.12,2.2,78.57142857142857
fresh berries,"Cereals ready-to-eat, KELLOGG, KELLOGG'S SPECIAL K Red Berries",87.09,1.29,6.3,83.33333333333334
fresh blackberries,"Blackberries, raw",9.61,0.49,1.39,82.75862068965517
fresh blueberries,"Blueberries, raw",14.49,0.33,0.74,81.4814814814815
fresh boneless,"Chicken, broiler or fryers, breast, skinless, boneless, meat only, raw",0.0,2.62,22.5,78.57142857142857
fresh coconut,"Oil, coconut",0.84,99.1,0.0,80.0
fresh corn,"Pork, fresh, composite of trimmed retail cuts (leg, loin, shoulder), separable lean only, raw",0.0,4.86,21.2,80.0
fresh cranberries,"Cranberries, raw",11.97,0.13,0.46,81.4814814814815
fresh cucumbers,"Pickles, cucumber, sweet (includes bread and butter pickles)",21.15,0.41,0.58,80.0
fresh fruit,"Toaster Pastries, fruit, frosted (include apples, blueberry, cherry, strawberry)",71.83,9.02,4.01,81.81818181818181
fresh ginger root,"Ginger root, raw",17.77,0.75,1.82,81.4814814814815
fresh green beans,"Babyfood, vegetables, green beans, strained",6.29,0.17,1.2,82.35294117647058
fresh ground pork,"Pork, fresh, ground, cooked",0.0,20.77,25.69,82.35294117647058
fresh ground turkey,"Fat, turkey",0.0,99.8,0.0,77.77777777777779
fresh haddock,"Fish, haddock, raw",0.0,0.45,16.3,84.61538461538461
fresh milk,"Crackers, milk",71.73,13.77,7.6,77.77777777777779
fresh okra,"Egg, duck, whole, fresh, raw",1.45,13.77,12.81,80.0
fresh onion,"Pork, fresh, loin, whole, separable lean and fat, raw",0.0,12.58,19.74,81.81818181818181
fresh pineapple,Orange Pineapple Juice Blend,12.2,0.08,0.41,80.0
fresh pork sausage,"Pork sausage, link/patty, cooked, pan-fried",1.42,27.25,18.53,80.0
fresh raspberries,"Raspberries, raw",11.94,0.65,1.2,81.4814814814815
fresh sage,"Pork, fresh, separable fat, cooked",0.0,66.1,7.06,80.0
fresh squeezed lemon juice,"Lemon juice, raw",6.9,0.24,0.35,81.4814814814815
fresh strawberries,"Strawberries, raw",7.68,0.3,0.67,82.75862068965517
fresh tomatoes,"Fast foods, nachos, with cheese, beans, ground beef, and tomatoes",21.39,12.48,6.21,78.26086956521739
fresh vegetables,"Babyfood, dinner, beef with vegetables",6.36,6.93,2.03,85.71428571428572
fresh white fish,"Fish, whitefish, mixed species, raw",0.0,5.86,19.09,83.87096774193549
fresh-grated lemon peel,"Lemon peel, raw",16.0,0.3,1.5,80.0
freshly grated parmesan cheese,"Fast foods, breadstick, soft, prepared with garlic and parmesan cheese",44.48,12.88,12.2,77.77777777777779
freshly squeezed lemon juice,"Lemon juice, raw",6.9,0.24,0.35,81.4814814814815
friends,"Pork sausage, link/patty, cooked, pan-fried",1.42,27.25,18.53,83.33333333333334
fritos,"Candies, MARS SNACKFOOD US, STARBURST Fruit Chews, Original fruits",82.57,8.21,0.41,83.33333333333334
frosting,"Cake, cherry fudge with chocolate frosting",38.0,12.5,2.4,100.0
frozen asparagus,"Sweet Potatoes, french fried, frozen as packaged, salt added in processing",35.58,8.92,2.16,81.25
frozen blueberries,"Blueberries, raw",14.49,0.33,0.74,81.4814814814815
frozen bread,"Puff pastry, frozen, ready-to-bake, baked",45.7,38.5,7.4,91.66666666666666
frozen cauliflower,"Cauliflower, raw",4.97,0.28,1.92,81.4814814814815
frozen coconut,"Apple juice, frozen concentrate, unsweetened, undiluted, without added ascorbic acid",41.0,0.37,0.51,85.71428571428572
frozen collard greens,Lard,0.0,100.0,0.0,100.0
frozen corn,"Apple juice, frozen concentrate, unsweetened, undiluted, without added ascorbic acid",41.0,0.37,0.51,90.9090909090909
frozen cranberries,"Cranberries, raw",11.97,0.13,0.46,81.4814814814815
frozen dessert topping,"Dessert topping, semi solid, frozen",23.05,25.31,1.25,81.08108108108108
frozen dry-packed blueberries,"Blueberries, raw",14.49,0.33,0.74,81.4814814814815
frozen fish,"Frozen novelties, fruit and juice bars",20.2,0.1,1.2,77.77777777777779
frozen green beans,"Babyfood, green beans, dices, toddler",5.7,0.2,1.2,77.77777777777779
frozen hash browns,"Fast foods, potatoes, hash browns, round pieces or patty",28.88,17.04,2.58,77.77777777777779
frozen lemonade concentrate,"Beverages, citrus fruit juice drink, frozen concentrate",40.2,0.1,1.2,80.0
frozen mixed vegetables,"Beverages, Mixed vegetable and fruit juice drink, with added nutrients",7.47,0.01,0.04,78.26086956521739
frozen mustard greens,"Mustard greens, raw",4.67,0.42,2.86,84.84848484848484
frozen okra,"Lima beans, immature seeds, frozen, fordhook, cooked, boiled, drained, without salt",19.32,0.34,6.07,81.81818181818181
frozen onions,"Frozen novelties, fruit and juice bars",20.2,0.1,1.2,81.81818181818181
frozen peas,"Edamame, frozen, prepared",8.91,5.2,11.91,81.81818181818181
frozen raspberries,"Raspberries, raw",11.94,0.65,1.2,81.4814814814815
frozen red raspberries,"Raspberries, raw",11.94,0.65,1.2,81.4814814814815
frozen snow,"Frozen novelties, fruit and juice bars",20.2,0.1,1.2,90.0
frozen spinach,"Sweet Potatoes, french fried, frozen as packaged, salt added in processing",35.58,8.92,2.16,78.57142857142857
frozen strawberries,"Strawberries, raw",7.68,0.3,0.67,82.75862068965517
frozen valley combination vegetables,Natto,12.68,11.0,19.4,80.0
frozen vegetables,"Snacks, vegetable chips, made from garden vegetables",60.43,23.3,5.32,87.5
frozen whipped topping,"Whipped topping, frozen, low fat",23.6,13.1,3.0,81.08108108108108
frozen white bread,"Fast foods, submarine sandwich, meatball marinara on white bread",26.01,8.45,9.77,87.5
fruit,"Yogurt, Greek, fruit, whole milk",12.29,3.0,7.33,100.0
fruit cocktail,"Fruit cocktail, (peach and pineapple and pear and grape and cherry), canned, water pack, solids and liquids",8.51,0.05,0.42,100.0
fruit jam,"Fruit juice smoothie, NAKED JUICE, GREEN MACHINE",12.53,0.26,0.6,87.5
fruit juice,"Grapefruit juice, white, canned or bottled, unsweetened",7.59,0.7,0.55,100.0
fruit mix,"Fruit cocktail, (peach and pineapple and pear and grape and cherry), canned, water pack, solids and liquids",8.51,0.05,0.42,80.0
fruit pie filling,"Babyfood, fortified cereal bar, fruit filling",68.63,5.3,5.43,86.66666666666667
fruit preserves,Jams and preserves,68.86,0.07,0.37,80.0
fruit yogurt,"Babyfood, mixed fruit yogurt, strained",16.23,0.8,0.8,100.0
fry bread,"Bread, pan dulce, sweet yeast bread",56.38,11.58,9.42,80.0
fryer,"Chicken, broilers or fryers, skin only, raw",0.0,32.35,13.33,100.0
fryers,"Chicken, broilers or fryers, skin only, raw",0.0,32.35,13.33,100.0
fully cooked ham,"Kielbasa, fully cooked, grilled",5.03,29.68,12.45,81.25
funnel,"Fennel, bulb, raw",7.3,0.2,1.24,83.33333333333334
gallon milk,"Beverages, almond milk, unsweetened, shelf stable",1.31,0.96,0.4,81.81818181818181
game hens,"Chicken, cornish game hens, meat and skin, cooked, roasted",0.0,18.21,22.27,100.0
garbanzo beans,"Chickpeas (garbanzo beans, bengal gram), mature seeds, raw",62.95,6.04,20.47,100.0
garbanzos,"Chickpeas (garbanzo beans, bengal gram), mature seeds, raw",62.95,6.04,20.47,88.88888888888889
garlic,"Spices, garlic powder",72.73,0.73,16.55,100.0
garlic cheese,"Garlic, raw",33.06,0.5,6.36,77.77777777777779
garlic cheese roll,"Garlic, raw",33.06,0.5,6.36,77.77777777777779
garlic dressing,"Salad dressing, italian dressing, commercial, reduced fat",9.99,6.68,0.39,80.0
garlic powder,"Spices, garlic powder",72.73,0.73,16.55,100.0
garlic salt,"Garlic, raw",33.06,0.5,6.36,80.0
garlics,"Garlic, raw",33.06,0.5,6.36,92.3076923076923
gelatin,"Gelatin desserts, dry mix, prepared with water",14.19,0.0,1.22,100.0
gelatine,"Gelatin desserts, dry mix, prepared with water",14.19,0.0,1.22,93.33333333333333
germ,"Oil, wheat germ",0.0,100.0,0.0,100.0
gin,"Spices, ginger, ground",71.62,4.24,8.98,100.0
ginger,"Spices, ginger, ground",71.62,4.24,8.98,100.0
ginger ale,"Beverages, carbonated, ginger ale",8.76,0.0,0.0,100.0
ginger paste,"Beverages, carbonated, ginger ale",8.76,0.0,0.0,81.81818181818181
ginger powder,"Beverages, ABBOTT, EAS whey protein powder",17.95,5.13,66.67,81.81818181818181
ginger root,"Ginger root, raw",17.77,0.75,1.82,100.0
glass,"Chicken, gizzard, all classes, cooked, simmered",0.0,2.68,30.39,80.0
glass grape juice,"Grape juice, canned or bottled, unsweetened, with added ascorbic acid",14.77,0.13,0.37,78.57142857142857
golden brown sugar,"Cereals, oats, instant, fortified, maple and brown sugar, dry",76.67,4.73,9.25,83.33333333333334
golden grahams,"Cereals ready-to-eat, GENERAL MILLS, GOLDEN GRAHAMS",85.1,3.2,5.3,100.0
golden grahams cereal,"Cereals ready-to-eat, GENERAL MILLS, GOLDEN GRAHAMS",85.1,3.2,5.3,80.0
golden raisins,"Cereals ready-to-eat, QUAKER, QUAKER 100% Natural Granola with Oats, Wheat, Honey, and Raisins",74.67,10.38,9.66,78.26086956521739
good beef,"Fast foods, burrito, with beans, cheese, and beef",23.37,6.8,7.03,80.0
gouda cheese,"Soybean, curd cheese",6.9,8.1,12.5,81.81818181818181
graham cracker,"Cookies, graham crackers, plain or honey (includes cinnamon)",77.66,10.6,6.69,100.0
graham cracker crumb crust,"Pie Crust, Cookie-type, Graham Cracker, Ready Crust",64.3,24.83,5.1,80.76923076923077
graham cracker crust,"Cookies, graham crackers, chocolate-coated",66.78,25.8,4.0,80.0
graham cracker pie crust,"Pie Crust, Cookie-type, Graham Cracker, Ready Crust",64.3,24.83,5.1,79.16666666666666
graham cracker pie crusts,"Pie Crust, Cookie-type, Graham Cracker, Ready Crust",64.3,24.83,5.1,80.0
graham cracker ready,"Pie Crust, Cookie-type, Graham Cracker, Ready Crust",64.3,24.83,5.1,95.0
graham cracker shell,"Cookies, graham crackers, plain or honey (includes cinnamon)",77.66,10.6,6.69,80.0
graham crackers,"Cookies, graham crackers, plain or honey (includes cinnamon)",77.66,10.6,6.69,100.0
granola cereal,"Cereals ready-to-eat, POST Raisin Bran Cereal",78.9,1.6,7.6,83.33333333333334
grape jello,"Grape juice, canned or bottled, unsweetened, with added ascorbic acid",14.77,0.13,0.37,77.77777777777779
grape jelly,"Grape juice, canned or bottled, unsweetened, with added ascorbic acid",14.77,0.13,0.37,77.77777777777779
grape juice,"Grape juice, canned or bottled, unsweetened, with added ascorbic acid",14.77,0.13,0.37,100.0
grape leaves,"Grape leaves, raw",17.31,2.12,5.6,100.0
grape-nuts,"Cereals ready-to-eat, POST, GRAPE-NUTS Cereal",80.49,1.81,11.22,100.0
grapefruit juice,"Grapefruit juice, white, canned or bottled, unsweetened",7.59,0.7,0.55,100.0
grapes,"Grapes, red or green (European type, such as Thompson seedless), raw",18.1,0.16,0.72,100.0
grated cheese,"Bread, cheese",44.83,20.83,10.42,81.81818181818181
grated coconut,"Oil, coconut",0.84,99.1,0.0,80.0
grated ginger,"Beverages, carbonated, ginger ale",8.76,0.0,0.0,84.61538461538461
grated ham,"Nuts, coconut milk, raw (liquid expressed from grated meat and water)",5.54,23.84,2.29,80.0
grated monterey cheese,"Bread, cheese",44.83,20.83,10.42,78.26086956521739
grated mozzarella,"Restaurant, family style, fried mozzarella sticks",25.14,18.33,14.75,82.35294117647058
grated new,"Nuts, coconut milk, raw (liquid expressed from grated meat and water)",5.54,23.84,2.29,80.0
grated provolone,"Cheese, provolone",2.14,26.62,25.58,78.57142857142857
grated reduced fat,"Milk, buttermilk, fluid, cultured, reduced fat",5.3,2.0,4.1,88.23529411764706
grated sweet potatoes,"Babyfood, corn and sweet potatoes, strained",15.23,0.28,1.26,85.71428571428572
grater,"Cheese, parmesan, grated",12.4,28.0,29.6,83.33333333333334
grease,"Animal fat, bacon grease",0.0,99.5,0.0,100.0
great northern beans,"Beans, great northern, mature seeds, canned",21.02,0.39,7.37,80.0
green,"Babyfood, vegetables, green beans, strained",6.29,0.17,1.2,100.0
green baby,"Babyfood, vegetables, green beans, strained",6.29,0.17,1.2,80.0
green beans,"Babyfood, vegetables, green beans, strained",6.29,0.17,1.2,100.0
green cherries,"Babyfood, fruit, applesauce and cherries, strained",14.1,0.0,0.0,78.57142857142857
green chili,"Fruit juice smoothie, NAKED JUICE, GREEN MACHINE",12.53,0.26,0.6,81.81818181818181
green chillies,Jellies,69.95,0.02,0.15,83.33333333333334
green food,"Beans, snap, green, frozen, cooked, boiled, drained without salt",6.45,0.17,1.49,80.0
green maraschino cherries,"Maraschino cherries, canned, drained",41.97,0.21,0.22,86.36363636363636
green peas,"Babyfood, vegetables, green beans, strained",6.29,0.17,1.2,80.0
green pineapple,Orange Pineapple Juice Blend,12.2,0.08,0.41,80.0
green tomatoes,"Fast foods, nachos, with cheese, beans, ground beef, and tomatoes",21.39,12.48,6.21,80.0
greens,"Beet greens, raw",4.33,0.13,2.2,100.0
grenadine,"Syrups, grenadine",66.91,0.0,0.0,100.0
griffin's honey,Honey,82.4,0.0,0.3,100.0
grilled chicken,"Fast foods, grilled chicken, bacon and tomato club sandwich, with cheese, lettuce, and mayonnaise",19.87,8.05,17.19,100.0
grits,"Cereals, corn grits, white, regular and quick, enriched, dry",79.09,1.75,7.65,100.0
ground,"Spices, cinnamon, ground",80.59,1.24,3.99,100.0
ground almonds,"Nuts, almonds",21.55,49.93,21.15,78.26086956521739
ground beef,"Fast foods, nachos, with cheese, beans, ground beef, and tomatoes",21.39,12.48,6.21,100.0
ground bread crumbs,"Bread, white, commercially prepared (includes soft bread crumbs)",49.2,3.59,9.43,78.78787878787878
ground cinnamon,"Babyfood, finger snacks, GERBER, GRADUATES, PUFFS, apple and cinnamon",85.79,2.3,6.19,84.61538461538461
ground cooked ham,"Turkey, Ground, cooked",0.0,10.4,27.37,83.87096774193549
ground cranberries,"Cranberries, raw",11.97,0.13,0.46,81.4814814814815
ground deer,"Fast foods, nachos, with cheese, beans, ground beef, and tomatoes",21.39,12.48,6.21,81.81818181818181
ground ham,"Beef, ground, patties, frozen, cooked, broiled",0.0,21.83,23.05,80.0
ground meat,"Beef, ground, patties, frozen, cooked, broiled",0.0,21.83,23.05,81.81818181818181
ground mustard,Lard,0.0,100.0,0.0,85.71428571428572
ground pork sausage,"Pork sausage, link/patty, cooked, pan-fried",1.42,27.25,18.53,77.41935483870968
ground raisins,"Cereals ready-to-eat, QUAKER, QUAKER 100% Natural Granola with Oats, Wheat, Honey, and Raisins",74.67,10.38,9.66,83.33333333333334
ground raw cranberries,"Cranberries, raw",11.97,0.13,0.46,81.4814814814815
ground raw turkey,"Fat, turkey",0.0,99.8,0.0,80.0
ground red,"Lamb, ground, raw",0.0,23.41,16.56,80.0
ground steak,"Beef, round, top round steak, boneless, separable lean only, trimmed to 0"" fat, all grades, cooked, grilled",0.0,3.77,30.09,91.66666666666666
ground turkey,"Fat, turkey",0.0,99.8,0.0,77.77777777777779
gruyere cheese,"Bread, cheese",44.83,20.83,10.42,81.81818181818181
guacamole salad,Lard,0.0,100.0,0.0,85.71428571428572
gumdrops,"Candies, gumdrops, starch jelly pieces",98.9,0.0,0.0,100.0
haddock,"Fish, haddock, raw",0.0,0.45,16.3,100.0
hair spaghetti,"Babyfood, dinner, spaghetti and tomato and meat, junior",11.42,1.37,2.57,78.57142857142857
halibut,"Fish, halibut, Atlantic and Pacific, raw",0.0,1.33,18.56,100.0
halved strawberries,"Strawberries, raw",7.68,0.3,0.67,82.75862068965517
ham,"Babyfood, meat, ham, strained",3.7,3.8,11.3,100.0
ham bone,"Pork, cured, ham, boneless, regular (approximately 11% fat), roasted",0.0,9.02,22.62,87.5
ham broth,Fish broth,0.4,0.6,2.0,87.5
ham pieces,"Snacks, fruit leather, pieces",82.82,2.68,1.0,82.35294117647058
ham slices,"Ham, sliced, pre-packaged, deli meat (96%fat free, water added)",0.27,3.73,16.7,90.0
ham strips,"Babyfood, meat, ham, strained",3.7,3.8,11.3,80.0
hamburg,"Rolls, hamburger or hotdog, plain",50.12,3.91,9.77,100.0
hamburger,"Rolls, hamburger or hotdog, plain",50.12,3.91,9.77,100.0
hamburger buns,"Fast foods, hamburger; single, regular patty; with condiments",29.57,10.18,13.3,78.57142857142857
hamburger meat,"Fast foods, hamburger, large, single patty, with condiments",22.14,11.6,15.68,78.57142857142857
hamburger rolls,"Rolls, hamburger or hotdog, plain",50.12,3.91,9.77,80.0
handle,"Peas, green (includes baby and lesuer types), canned, drained solids, unprepared",11.36,0.8,4.47,83.33333333333334
hard cheese,"Soybean, curd cheese",6.9,8.1,12.5,90.0
hard rolls,"Snacks, fruit leather, rolls",85.8,3.0,0.1,80.0
hard-boiled eggs,"Egg, whole, cooked, hard-boiled",1.12,10.61,12.58,81.4814814814815
hash browns,"Fast foods, potatoes, hash browns, round pieces or patty",28.88,17.04,2.58,100.0
hazelnut,"Nuts, hazelnuts or filberts",16.7,60.75,14.95,100.0
hazelnuts,"Nuts, hazelnuts or filberts",16.7,60.75,14.95,100.0
head,"Headcheese, pork",0.0,10.9,13.83,100.0
head broccoli,"Babyfood, mashed cheddar potatoes and broccoli, toddlers",7.47,1.47,1.11,84.61538461538461
head cauliflower,"Cauliflower, raw",4.97,0.28,1.92,81.4814814814815
head lettuce,"Fast foods, taco with beef, cheese and lettuce, hard shell",19.85,12.7,8.86,83.33333333333334
heads lettuce,"Fast foods, taco with beef, cheese and lettuce, hard shell",19.85,12.7,8.86,84.61538461538461
hearts,"Hearts of palm, raw",25.61,0.2,2.7,100.0
hearty wide egg noodles,Eggnog,8.05,4.19,4.55,83.33333333333334
heated cream,"Salad dressing, poppyseed, creamy",23.73,33.33,0.92,78.26086956521739
heavy whipping cream,"Cream, fluid, heavy whipping",2.84,36.08,2.84,82.35294117647058
hen,"Chicken, cornish game hens, meat and skin, cooked, roasted",0.0,18.21,22.27,100.0
herb dressing,"Salad dressing, KRAFT Mayo Fat Free Mayonnaise Dressing",15.8,0.0,0.2,86.95652173913044
herbes,"Sherbet, orange",30.4,2.0,1.1,83.33333333333334
herbs,"Babyfood, beverage, GERBER, GRADUATES, FRUIT SPLASHERS",7.35,0.0,0.0,88.88888888888889
hi,"Butter, whipped, with salt",0.0,78.3,0.49,100.0
hi-c,"Beverages, The COCA-COLA company, Hi-C Flashin' Fruit Punch",12.5,0.0,0.0,100.0
home canned tomatoes,"Fast foods, nachos, with cheese, beans, ground beef, and tomatoes",21.39,12.48,6.21,78.78787878787878
homemade peanut butter,"Granola bar, soft, milk chocolate coated, peanut butter",54.1,31.2,9.6,82.05128205128204
hominy,"Hominy, canned, white",14.26,0.88,1.48,100.0
hominy beans,"Hominy, canned, white",14.26,0.88,1.48,78.26086956521739
honey,"Salad dressing, honey mustard dressing, reduced calorie",28.26,10.0,0.98,100.0
honey dressing,Honey,82.4,0.0,0.3,100.0
honey puffed cereal,Honey,82.4,0.0,0.3,100.0
honeydew,"Melons, honeydew, raw",9.09,0.14,0.54,100.0
horse,"Horseradish, prepared",11.29,0.69,1.18,100.0
horseradish,"Horseradish, prepared",11.29,0.69,1.18,100.0
horseradish sauce,"Horseradish, prepared",11.29,0.69,1.18,80.0
hot bacon,"Fast foods, biscuit, with egg and bacon",19.06,20.73,11.33,80.0
hot bulk sausage,Blood sausage,1.29,34.5,14.6,80.0
hot coffee,"Cream, fluid, light (coffee cream or table cream)",3.66,19.1,2.96,90.0
hot cream,"Toppings, marshmallow cream",79.0,0.3,0.8,82.35294117647058
hot dogs,"Rolls, hamburger or hot dog, wheat/cracked wheat",47.31,3.61,11.69,87.5
hot fat,"Cereals, whole wheat hot natural cereal, dry",75.2,2.0,11.2,85.71428571428572
hot mashed potatoes,"Turkey, stuffing, mashed potatoes w/gravy, assorted vegetables, frozen, microwaved",16.32,3.89,6.97,84.21052631578947
hot milk,"Potatoes, mashed, dehydrated, flakes without milk, dry form",81.17,0.41,8.34,87.5
hot mustard,Lard,0.0,100.0,0.0,85.71428571428572
hot pepper,"Beverages, carbonated, low calorie, other than cola or pepper,  without caffeine",0.0,0.0,0.1,80.0
hot peppers,"Peppers, sweet, green, raw",4.64,0.17,0.86,77.77777777777779
hot pete,"Lemons, raw, without peel",9.32,0.3,1.1,87.5
hot rice,"Restaurant, Mexican, spanish rice",31.16,5.29,3.28,85.71428571428572
hot sauce,"Babyfood, ravioli, cheese filled, with tomato sauce",16.3,2.2,3.6,87.5
hot sausage,"Fast foods, biscuit, with sausage",29.99,24.42,9.67,90.0
hot shortening,"Shortening industrial, soybean (hydrogenated) and cottonseed",0.0,100.0,0.0,83.33333333333334
hot tabasco,"Sauce, ready-to-serve, pepper, TABASCO",0.8,0.76,1.29,84.21052631578947
hot water,"Soup, beef broth or bouillon, powder, prepared with water",0.25,0.08,0.21,87.5
hulled strawberries,"Strawberries, raw",7.68,0.3,0.67,82.75862068965517
ida potatoes,"Babyfood, mashed cheddar potatoes and broccoli, toddlers",7.47,1.47,1.11,91.66666666666666
imitation,"Sour cream, imitation, cultured",6.63,19.52,2.4,100.0
imitation crab,"Imitation cheese, american or cheddar, low cholesterol",1.0,32.0,25.0,88.0
imitation crabmeat,"Imitation cheese, american or cheddar, low cholesterol",1.0,32.0,25.0,77.41935483870968
imitation maple,"Crustaceans, crab, alaska king, imitation, made from surimi",15.0,0.46,7.62,86.66666666666667
imitation rum,"Imitation cheese, american or cheddar, low cholesterol",1.0,32.0,25.0,86.95652173913044
instant chicken,"Fat, chicken",0.0,99.8,0.0,86.95652173913044
instant chocolate,"Ice cream cone, chocolate covered, with nuts, flavors other than chocolate",34.38,21.88,5.21,83.87096774193549
instant dry milk,"Puddings, chocolate flavor, low calorie, instant, dry mix",78.2,2.4,5.3,87.5
instant gravy mix,"Puddings, chocolate flavor, low calorie, instant, dry mix",78.2,2.4,5.3,84.84848484848484
instant lemon pudding,"Beverages, tea, instant, lemon, diet",0.44,0.0,0.02,78.04878048780488
instant lemonade,"Beverages, tea, instant, lemon, unsweetened",78.52,0.18,7.4,81.25
instant rice,"Beverages, coffee, instant, regular, half the caffeine",73.18,0.5,14.42,83.33333333333334
instant tea,"Babyfood, oatmeal cereal with fruit, dry, instant, toddler fortified",74.1,7.05,10.5,81.81818181818181
iodized salt,"Pasta, cooked, enriched, without added salt",30.86,0.93,5.8,80.0
irish,"Chicken, cornish game hens, meat and skin, cooked, roasted",0.0,18.21,22.27,80.0
irish potatoes,"Snacks, potato chips, made from dried potatoes, reduced fat",64.76,26.14,4.56,78.57142857142857
italian,"Salad dressing, italian dressing, commercial, reduced fat",9.99,6.68,0.39,100.0
italian bread crumbs,"Bread, white, commercially prepared (includes soft bread crumbs)",49.2,3.59,9.43,80.0
italian cheese,"Imitation cheese, american or cheddar, low cholesterol",1.0,32.0,25.0,85.71428571428572
italian dressing,"Salad dressing, italian dressing, commercial, reduced fat",9.99,6.68,0.39,100.0
italian dressing mix,"Salad dressing, italian dressing, commercial, reduced fat",9.99,6.68,0.39,85.0
italian green beans,"Babyfood, vegetables, green beans, strained",6.29,0.17,1.2,78.94736842105263
italian ham,"Focaccia, Italian flatbread, plain",35.82,7.89,8.77,81.81818181818181
italian mix,"Bread, Italian",48.11,2.73,9.49,77.77777777777779
italian olive oil,"Mayonnaise, reduced fat, with olive oil",0.0,40.0,0.37,80.0
italian salad dressing,"Salad dressing, KRAFT Mayo Fat Free Mayonnaise Dressing",15.8,0.0,0.2,77.77777777777779
italian sauce,"Fast foods, cheeseburger; double, regular patty; double decker bun with condiments and special sauce",21.53,14.1,11.94,81.81818181818181
italian sausage,"Pasta mix, Italian lasagna, unprepared",73.77,1.97,10.9,80.0
italian style,"Sausage, chicken or turkey, Italian style,  lower sodium",14.25,4.46,21.43,100.0
italian tomatoes,"Fast foods, nachos, with cheese, beans, ground beef, and tomatoes",21.39,12.48,6.21,78.57142857142857
jack cheese,"Cake, cheesecake, commercially prepared",25.5,22.5,5.5,81.81818181818181
jalapeno,"Peppers, jalapeno, raw",6.5,0.37,0.91,100.0
jalapenos,"Peppers, jalapeno, raw",6.5,0.37,0.91,88.88888888888889
jell-o,Jellies,69.95,0.02,0.15,80.0
jello,Jellies,69.95,0.02,0.15,88.88888888888889
jelly,"Candies, gumdrops, starch jelly pieces",98.9,0.0,0.0,100.0
jerk spice,"Spices, pumpkin pie spice",69.28,12.6,5.76,82.35294117647058
jicama,"Yambean (jicama), raw",8.82,0.09,0.72,100.0
joe,"Cheese, mexican, queso anejo",4.63,29.98,21.44,80.0
joes,"Babyfood, vegetable, green beans and potatoes",9.0,1.9,2.2,85.71428571428572
joes sauce,"Babyfood, ravioli, cheese filled, with tomato sauce",16.3,2.2,3.6,82.35294117647058
juice,"Babyfood, juice treats, fruit medley, toddler",86.68,0.02,0.0,100.0
just,"Pie Crust, Cookie-type, Graham Cracker, Ready Crust",64.3,24.83,5.1,85.71428571428572
kale,"Kale, raw",4.42,1.49,2.92,100.0
karo syrup,"Beverages, Energy Drink with carbonated water and high fructose corn syrup",15.0,0.0,0.42,77.77777777777779
kellogg,"Cereals ready-to-eat, KELLOGG, KELLOGG'S ALL-BRAN Original",74.24,4.9,13.14,100.0
kellogg's croutons,"Cereals ready-to-eat, KELLOGG, KELLOGG'S FROOT LOOPS",88.0,3.4,5.3,77.77777777777779
kernel sunflower seeds,"Seeds, sunflower seed kernels, dry roasted, without salt",24.07,49.8,19.33,79.06976744186046
kidney,"Beef, variety meats and by-products, kidneys, cooked, simmered",0.0,4.65,27.27,100.0
kidney beans,"Beans, liquid from stewed kidney beans",2.8,3.2,1.8,100.0
kidney red beans,"Beans, liquid from stewed kidney beans",2.8,3.2,1.8,85.71428571428572
kielbasa,"Kielbasa, fully cooked, grilled",5.03,29.68,12.45,100.0
kind,"Chicken, broiler, rotisserie, BBQ, breast, meat and skin",0.09,7.67,26.37,85.71428571428572
king crab,"Oil, PAM cooking spray, original",20.69,78.69,0.26,77.77777777777779
king syrup,"Toppings, nuts in syrup",58.08,22.0,4.5,88.88888888888889
kisses,"Babyfood, cookies",67.1,13.2,11.8,80.0
kiwi,"Kiwifruit, green, raw",14.0,0.44,1.06,100.0
kiwis,"Kiwifruit, green, raw",14.0,0.44,1.06,88.88888888888889
krispies,"Cereals ready-to-eat, KELLOGG, KELLOGG'S COCOA KRISPIES",87.9,2.7,4.6,100.0
ladyfingers,"Cookies, ladyfingers, with lemon juice and rind",59.7,9.1,10.6,100.0
lamb,"Babyfood, meat, lamb, strained",0.85,3.41,14.07,100.0
lamb chops,"Lamb, composite of trimmed retail cuts, separable lean and fat, trimmed to 1/4"" fat, choice, cooked",0.0,20.94,24.52,80.0
lamb shoulder,"Lamb, shoulder, whole (arm and blade), separable lean and fat, trimmed to 1/4"" fat, choice, raw",0.0,21.45,16.58,92.3076923076923
lard,Lard,0.0,100.0,0.0,100.0
large shells,Lard,0.0,100.0,0.0,85.71428571428572
large tortillas,Lard,0.0,100.0,0.0,85.71428571428572
lasagna,"Lasagna, cheese, frozen, prepared",13.84,5.33,6.54,100.0
layer,"Seaweed, laver, raw",5.11,0.28,5.81,80.0
layer biscuits,"Crackers, water biscuits",72.81,7.14,7.14,88.88888888888889
lean bacon,"Fast foods, english muffin, with egg, cheese, and canadian bacon",21.67,9.66,13.64,88.88888888888889
lean beef,"Fast foods, burrito, with beans, cheese, and beef",23.37,6.8,7.03,82.35294117647058
lean chuck,"Cereals ready-to-eat, KASHI GOLEAN CRUNCH!",71.4,5.9,16.7,80.0
lean fish,"Restaurant, family style, fish fillet, battered or breaded, fried",16.89,10.79,13.49,77.77777777777779
lean ground beef,"Fast foods, nachos, with cheese, beans, ground beef, and tomatoes",21.39,12.48,6.21,87.5
lean ground raw turkey,"Lamb, ground, raw",0.0,23.41,16.56,81.25
lean hamburger,"Rolls, hamburger or hotdog, plain",50.12,3.91,9.77,78.57142857142857
lean pork,"LEAN POCKETS, Ham N Cheddar",32.52,6.53,10.28,88.88888888888889
lean salt,"Oil, soybean, salad or cooking",0.0,100.0,0.0,77.77777777777779
lean stew,"Babyfood, dinner, chicken stew, toddler",6.4,3.7,5.2,77.77777777777779
leaves lettuce,"Fast foods, submarine sandwich, steak and cheese on white bread with cheese, lettuce and tomato",21.49,5.34,12.29,78.57142857142857
leeks,"Leeks, (bulb and lower leaf-portion), raw",14.15,0.3,1.5,100.0
leftover turkey,"Fat, turkey",0.0,99.8,0.0,77.77777777777779
lemon,"Lemons, raw, without peel",9.32,0.3,1.1,100.0
lemon cake,"Lemon peel, raw",16.0,0.3,1.5,77.77777777777779
lemon chips,"Lemon peel, raw",16.0,0.3,1.5,77.77777777777779
lemon concentrate,"Beverages, citrus fruit juice drink, frozen concentrate",40.2,0.1,1.2,90.32258064516128
lemon flavor,"Snacks, GENERAL MILLS, CHEX MIX, traditional flavor",75.69,10.0,8.83,80.0
lemon jello,"Lemon juice, raw",6.9,0.24,0.35,77.77777777777779
lemon jucie,"Lemon juice, raw",6.9,0.24,0.35,90.9090909090909
lemon juice,"Lemon juice, raw",6.9,0.24,0.35,100.0
lemon juice concentrate,"Lemon juice, raw",6.9,0.24,0.35,85.71428571428572
lemon juice from,"Lemon juice from concentrate, canned or bottled",5.62,0.07,0.45,100.0
lemon juice from concentrate,"Lemon juice from concentrate, canned or bottled",5.62,0.07,0.45,100.0
lemon oil,"Lemon juice, raw",6.9,0.24,0.35,80.0
lemon peel,"Lemon peel, raw",16.0,0.3,1.5,100.0
lemon pepper,"Lemon peel, raw",16.0,0.3,1.5,85.71428571428572
lemon pie filling,"Cookies, chocolate sandwich, with extra creme filling",68.2,24.52,4.33,78.57142857142857
lemon rind,"Pie, lemon meringue, commercially prepared",47.2,8.7,1.5,80.0
lemon salt,"Crackers, whole-wheat, low salt",68.6,17.2,8.8,77.77777777777779
lemon slices,"Luncheon slices, meatless",4.44,11.11,17.78,83.33333333333334
lemon soda,"Carbonated beverage, cream soda",13.3,0.0,0.0,77.77777777777779
lemon yogurt,Tofu yogurt,15.96,1.8,3.5,80.0
lemon zest,"Lemon peel, raw",16.0,0.3,1.5,77.77777777777779
lemon-lime,"Beverages, carbonated, SPRITE, lemon-lime, without caffeine",10.14,0.02,0.05,100.0
lemon-lime soda,"Beverages, COCA-COLA, POWERADE, lemon-lime flavored, ready-to-drink",7.84,0.05,0.0,80.0
lemonade,"Beverages, Lemonade fruit juice drink light, fortified with vitamin E and C",5.0,0.0,0.0,100.0
lemonade concentrate,"Beverages, citrus fruit juice drink, frozen concentrate",40.2,0.1,1.2,82.35294117647058
lemonade mix,"Lemonade, frozen concentrate, white",49.89,0.7,0.22,81.81818181818181
lemons,"Lemons, raw, without peel",9.32,0.3,1.1,100.0
lentils,"Lentils, raw",63.35,1.06,24.63,100.0
lesueur peas,"Peas, green (includes baby and lesuer types), canned, drained solids, unprepared",11.36,0.8,4.47,83.33333333333334
level,"Thuringer, cervelat, summer sausage, beef, pork",3.33,30.43,17.45,80.0
light,"Cream, fluid, light (coffee cream or table cream)",3.66,19.1,2.96,100.0
light bread,"Fast foods, submarine sandwich, meatball marinara on white bread",26.01,8.45,9.77,80.0
light corn syrup,"Beverages, Energy Drink with carbonated water and high fructose corn syrup",15.0,0.0,0.42,81.4814814814815
light cream,"Light ice cream, Creamsicle",32.75,3.08,1.54,80.0
light cream cheese,"Bread, cheese",44.83,20.83,10.42,83.33333333333334
light kidney beans,"Beans, liquid from stewed kidney beans",2.8,3.2,1.8,83.87096774193549
light molasses,Molasses,74.73,0.1,0.0,100.0
light oil,"Light ice cream, Creamsicle",32.75,3.08,1.54,87.5
light raisins,"Cereals ready-to-eat, QUAKER, Low Fat 100% Natural Granola with Raisins",80.57,5.52,8.42,83.33333333333334
light red kidney beans,"Beans, liquid from stewed kidney beans",2.8,3.2,1.8,81.08108108108108
light rum,"Light ice cream, Creamsicle",32.75,3.08,1.54,80.0
light sour cream,"Creamy dressing, made with sour cream and/or buttermilk and oil, reduced calorie",7.0,14.0,1.5,81.25
light syrup,"Blueberries, canned, light syrup, drained",22.66,0.4,1.04,100.0
light whipped cream,"Light ice cream, Creamsicle",32.75,3.08,1.54,82.35294117647058
ligth corn syrup,"Water, with corn syrup and/or sugar and low calorie sweetener, fruit flavored",4.5,0.0,0.0,87.5
like,"Margarine-like, vegetable oil spread, 60% fat, tub, with salt",0.86,59.81,0.17,100.0
lima beans,"Lima beans, immature seeds, cooked, boiled, drained, without salt",23.64,0.32,6.81,100.0
lime,"Infant formula, ABBOTT NUTRITION, SIMILAC, ALIMENTUM, ADVANCE, ready-to-feed, with ARA and DHA",6.77,3.63,1.8,100.0
lime juice,"Lime juice, raw",8.42,0.07,0.42,100.0
lime juice concentrate,"Lime juice, raw",8.42,0.07,0.42,84.61538461538461
limes,"Limes, raw",10.54,0.2,0.7,100.0
liquid,"Cream substitute, liquid, with hydrogenated vegetable oil and soy protein",11.38,9.97,1.0,100.0
liquid egg substitute,"Egg substitute, liquid or frozen, fat free",2.0,0.0,10.0,80.0
liquid from beets,"Beans, liquid from stewed kidney beans",2.8,3.2,1.8,82.35294117647058
liquid from peas,"Beans, liquid from stewed kidney beans",2.8,3.2,1.8,81.25
liquid noncalorie sweetener,"Beverages, coffee and cocoa, instant, decaffeinated, with whitener and low calorie sweetener",71.4,13.21,9.0,80.0
liquid oil,"Cream substitute, liquid, with hydrogenated vegetable oil and soy protein",11.38,9.97,1.0,80.0
liquid sta-,"Apricots, canned, water pack, with skin, solids and liquids",6.39,0.16,0.71,77.77777777777779
liquid sweetener,"Ginger root, pickled, canned, with artificial sweetener",4.83,0.1,0.33,81.4814814814815
lite cream cheese,"Bread, cheese",44.83,20.83,10.42,83.33333333333334
lite ham,"Fast foods, biscuit, with ham",38.75,16.3,11.85,80.0
lite margarine,"Margarine,spread, 35-39% fat, tub",1.52,37.98,0.23,78.26086956521739
lite salt,"Butter, whipped, with salt",0.0,78.3,0.49,82.35294117647058
liter,"Chicken, liver, all classes, raw",0.73,4.83,16.92,80.0
liters ginger ale,"Beverages, carbonated, ginger ale",8.76,0.0,0.0,81.25
loaves,"Spices, cloves, ground",65.53,13.0,5.97,83.33333333333334
lobster,"Crustaceans, lobster, northern, raw",0.0,0.75,16.52,100.0
lobsters,"Crustaceans, lobster, northern, raw",0.0,0.75,16.52,87.5
loin,"Pork, fresh, composite of trimmed retail cuts (leg, loin, shoulder), separable lean only, raw",0.0,4.86,21.2,100.0
long,"Beverages, tea, Oolong, brewed",0.15,0.0,0.0,100.0
long grain,"Rice, brown, long-grain, raw (Includes foods for USDA's Food Distribution Program)",76.25,3.2,7.54,90.0
long grain rice,"Rice, white, long-grain, regular, raw, enriched",79.95,0.66,7.13,80.0
long-grain rice,"Rice, white, long-grain, regular, raw, enriched",79.95,0.66,7.13,86.66666666666667
lopez cream,"Cream, fluid, light (coffee cream or table cream)",3.66,19.1,2.96,80.0
love,"Spices, cloves, ground",65.53,13.0,5.97,100.0
low-fat cream cheese,"Bread, cheese",44.83,20.83,10.42,83.33333333333334
low-fat yogurt,"Fast foods, strawberry banana smoothie made with ice and low-fat yogurt",15.05,0.14,0.86,100.0
low-salt,"Crackers, saltines, low salt (includes oyster, soda, soup)",74.34,8.85,9.5,87.5
low-salt chicken broth,"Fat, chicken",0.0,99.8,0.0,83.33333333333334
luncheon meat,"Luncheon meat, pork, ham, and chicken, minced, canned, reduced sodium, added ascorbic acid, includes SPAM, 25% less sodium",3.4,25.1,12.5,100.0
lye,"Milk, buttermilk, fluid, whole",4.88,3.31,3.21,80.0
macaroni,"Babyfood, dinner, macaroni and tomato and beef, strained",9.45,1.47,2.36,100.0
macaroni noodles,"Macaroni or noodles with cheese, made from reduced fat packaged mix, unprepared",52.06,4.03,13.1,81.25
macaroons,"Cookies, coconut macaroon",61.22,22.55,3.02,94.11764705882352
mace,"Macaroni, vegetable, enriched, cooked",26.61,0.11,4.53,85.71428571428572
mandarin juice,"Babyfood, apple-banana juice",12.3,0.1,0.2,80.0
mandarin oranges,"Tangerines, (mandarin oranges), raw",13.34,0.31,0.81,100.0
mango,"Babyfood, fruit dessert, mango with tapioca",19.0,0.2,0.3,100.0
mangoes,"Mangos, raw",14.98,0.38,0.82,92.3076923076923
manwich,"Sandwich spread, with chopped pickle, regular, unspecified oils",22.4,34.0,0.9,85.71428571428572
maple,"Cereals, oats, instant, fortified, maple and brown sugar, dry",76.67,4.73,9.25,100.0
maple syrup,"Syrups, chocolate, HERSHEY'S Genuine Chocolate Flavored Lite Syrup",34.56,0.97,1.4,77.77777777777779
maple-flavor syrup,Fruit syrup,85.13,0.0,0.0,77.77777777777779
maraschino cherries,"Maraschino cherries, canned, drained",41.97,0.21,0.22,100.0
maraschino cherry,"Maraschino cherries, canned, drained",41.97,0.21,0.22,96.96969696969697
maraschino cherry juice,"Maraschino cherries, canned, drained",41.97,0.21,0.22,87.8048780487805
maraschino cherry syrup,"Maraschino cherries, canned, drained",41.97,0.21,0.22,82.05128205128204
maraschino red cherries,"Maraschino cherries, canned, drained",41.97,0.21,0.22,90.47619047619048
margarine,"Margarine,spread, 35-39% fat, tub",1.52,37.98,0.23,100.0
margarine tubs,"Margarine,spread, 35-39% fat, tub",1.52,37.98,0.23,80.0
marinade,"Candies, Tamarind",91.96,0.0,0.0,85.71428571428572
marjoram,"Spices, marjoram, dried",60.56,7.04,12.66,100.0
marsala,"Candies, MARS SNACKFOOD US, MARS Almond Bar",62.7,23.0,8.1,85.71428571428572
marshmallow,"Cereals ready-to-eat, MALT-O-MEAL, MARSHMALLOW MATEYS",82.77,3.53,6.94,100.0
marshmallow cream,"Toppings, marshmallow cream",79.0,0.3,0.8,100.0
marshmallow crem,"Toppings, marshmallow cream",79.0,0.3,0.8,93.75
marshmallow creme,"Toppings, marshmallow cream",79.0,0.3,0.8,94.11764705882352
marshmallow topping,"Cookies, marshmallow, chocolate-coated (includes marshmallow pies)",67.7,16.9,4.0,77.77777777777779
marshmallows,"Candies, marshmallows",81.3,0.2,1.8,100.0
mascarpone,"Macaroni, vegetable, enriched, cooked",26.61,0.11,4.53,82.35294117647058
mascarpone cheese,"Restaurant, family style, macaroni & cheese, from kids' menu",18.8,6.06,5.42,82.35294117647058
mashed banana,"Babyfood, juice, orange and apple and banana",11.5,0.1,0.4,78.26086956521739
mashed fruit,"Babyfood, juice, mixed fruit",11.7,0.1,0.1,80.0
mashed potatoes,"Turkey, stuffing, mashed potatoes w/gravy, assorted vegetables, frozen, microwaved",16.32,3.89,6.97,100.0
mashed strawberries,"Strawberries, raw",7.68,0.3,0.67,82.75862068965517
mashed sweet potato,"Babyfood, fruit and vegetable, apple and sweet potato",15.3,0.22,0.3,85.71428571428572
mashed sweet potatoes,"Babyfood, fruit and vegetable, apple and sweet potato",15.3,0.22,0.3,81.08108108108108
match,"Cereals ready-to-eat, GENERAL MILLS, Wheat CHEX",82.2,1.8,9.8,80.0
mayo,"Salad dressing, KRAFT Mayo Fat Free Mayonnaise Dressing",15.8,0.0,0.2,100.0
mayonnaise,"Salad dressing, KRAFT Mayo Fat Free Mayonnaise Dressing",15.8,0.0,0.2,100.0
mcbutter,"Butter, salted",0.06,81.11,0.85,85.71428571428572
meal,"Babyfood, cereal, oatmeal, dry fortified",73.48,6.36,10.99,100.0
meal mix,"Babyfood, cereal, mixed, dry fortified",78.21,6.66,6.66,87.5
meat,"Babyfood, meat, beef, strained",2.43,2.52,12.03,100.0
meat sauce,"Ravioli, meat-filled, with tomato sauce or meat sauce, canned",13.26,3.41,3.24,100.0
meatball meat,"Fast foods, submarine sandwich, meatball marinara on white bread",26.01,8.45,9.77,84.61538461538461
meatballs,"HOT POCKETS, meatballs & mozzarella stuffed sandwich, frozen",30.68,10.23,9.32,100.0
meats,"Pork, fresh, variety meats and by-products, chitterlings, cooked, simmered",0.0,20.32,12.49,100.0
medium wide egg noodles,Eggnog,8.05,4.19,4.55,83.33333333333334
mein noodles,"Babyfood, dinner, chicken noodle, strained",7.81,3.22,3.53,83.33333333333334
melting chocolate,"Candies, semisweet chocolate",63.9,30.0,4.2,82.75862068965517
meringue,"Pie, lemon meringue, commercially prepared",47.2,8.7,1.5,100.0
mild cheese,"Fast foods, burrito, with beans and cheese",31.23,6.05,7.35,84.21052631578947
milk,"Cheese, cottage, lowfat, 2% milkfat",4.31,2.3,11.0,100.0
milk chocolate,"Candies, TOBLERONE, milk chocolate with honey and almond nougat",61.21,28.57,5.71,100.0
milk chocolate bar,"Soymilk, chocolate and other flavors, light, with added calcium, vitamins A and D",8.24,0.64,2.1,88.88888888888889
milk chocolate blocks,"Milk, chocolate, lowfat, with added vitamin A and vitamin D",10.15,1.11,3.46,85.0
milk chocolate chips,"Cookies, marshmallow, with rice cereal and chocolate chips",63.26,18.18,4.55,88.88888888888889
milk chocolate frosting,"Cake, cherry fudge with chocolate frosting",38.0,12.5,2.4,90.47619047619048
milk chocolate morsels,"Milk, chocolate, lowfat, with added vitamin A and vitamin D",10.15,1.11,3.46,80.0
milk powder,"Protein supplement, milk based, Muscle Milk, powder",18.5,17.14,45.71,90.9090909090909
milky,"Candies, MARS SNACKFOOD US, MILKY WAY Bar",71.17,17.23,4.01,100.0
millet,"Millet, cooked",23.67,1.0,3.51,100.0
mince meat,"Luncheon slices, meatless",4.44,11.11,17.78,80.0
mint,"Beverages, fruit juice drink, greater than 3% fruit juice, high vitamin C and added thiamin",13.16,0.0,0.13,85.71428571428572
mint chocolate chips,"Cookies, marshmallow, with rice cereal and chocolate chips",63.26,18.18,4.55,89.47368421052632
mint cookies,"Cereals, CREAM OF WHEAT, regular, 10 minute cooking, dry",76.5,1.5,10.5,83.33333333333334
mint flakes,"Cereals ready-to-eat, KELLOGG, KELLOGG'S Corn Flakes",84.1,0.4,7.5,84.21052631578947
mint flavor,"Beverages, Water with added vitamins and minerals, bottles, sweetened, assorted fruit flavors",5.49,0.0,0.0,85.71428571428572
mint flavored chocolate chips,"Cookies, marshmallow, with rice cereal and chocolate chips",63.26,18.18,4.55,77.55102040816327
mix,"Babyfood, juice, mixed fruit",11.7,0.1,0.1,100.0
mixed beans,"Restaurant, Mexican, refried beans",16.79,6.77,6.91,90.0
mixed candied fruit,Candied fruit,82.74,0.07,0.34,100.0
mixed citrus fruit,"Beverages, citrus fruit juice drink, frozen concentrate",40.2,0.1,1.2,77.77777777777779
mixed dried fruit,Candied fruit,82.74,0.07,0.34,83.33333333333334
mixed fruit,"Babyfood, juice, mixed fruit",11.7,0.1,0.1,100.0
mixed fruit jello,"Babyfood, mixed fruit juice with low fat yogurt",14.68,0.8,2.4,82.35294117647058
mixed soup vegetables,"Soup, vegetable beef, canned, condensed",8.11,1.51,4.45,77.77777777777779
mixed spiced,"Fish, eel, mixed species, raw",0.0,11.66,18.44,83.33333333333334
mixed spices,"Fish, eel, mixed species, raw",0.0,11.66,18.44,83.33333333333334
mixed vegetables,"Babyfood, dinner, mixed vegetable, junior",7.88,0.11,1.01,93.75
moist coconut,"Oil, coconut",0.84,99.1,0.0,83.33333333333334
molasses,"Cookies, molasses",73.8,12.8,5.6,100.0
monde,"Oil, almond",0.0,100.0,0.0,88.88888888888889
mozarella cheese,"Bread, cheese",44.83,20.83,10.42,80.0
mozzarella,"Cheese, mozzarella, low moisture, part-skim",4.44,20.4,23.7,100.0
mozzarella cheese,"Bread, cheese",44.83,20.83,10.42,80.0
mozzarelle,"Cheese, mozzarella, low moisture, part-skim",4.44,20.4,23.7,90.0
muenster,"Cheese, muenster",1.12,30.04,23.41,100.0
muffin mix,"Bread, cornbread, dry mix, enriched (includes corn muffin mix)",69.5,12.2,7.0,100.0
muffins,"Muffins, English, plain, enriched, with ca prop (includes sourdough)",44.17,1.69,8.87,100.0
mullet,"Fish, mullet, striped, raw",0.0,3.79,19.35,100.0
mushroom,"Soup, cream of mushroom, canned, condensed",6.8,5.3,1.35,100.0
mushroom bits,"Soup, mushroom with beef stock, canned, condensed",7.41,3.21,2.51,84.61538461538461
mushroom soup,"Mushrooms, white, raw",3.26,0.34,3.09,81.81818181818181
mushroom stems,"Mushrooms, white, raw",3.26,0.34,3.09,78.26086956521739
mushrooms,"Mushrooms, white, raw",3.26,0.34,3.09,100.0
mussels,"Brussels sprouts, raw",8.95,0.3,3.38,85.71428571428572
mustard,"Spices, mustard seed, ground",28.09,36.24,26.08,100.0
nabisco vanilla wafers,"Cookies, vanilla wafers, lower fat",73.6,15.2,5.0,77.27272727272727
nacho cheese,"Snacks, tortilla chips, nacho cheese",60.81,27.42,7.36,100.0
nacho cheese chips,"Snacks, tortilla chips, nacho cheese",60.81,27.42,7.36,80.0
nacho cheese flavor,"Snacks, popcorn, cheese-flavor",51.6,33.2,9.3,80.0
nacho cheese soup,"Snacks, tortilla chips, nacho cheese",60.81,27.42,7.36,82.75862068965517
nacho chips,"Snacks, banana chips",58.4,33.6,2.3,84.21052631578947
nachos,"Fast foods, nachos, with cheese",34.91,21.5,4.32,100.0
native,"Leavening agents, yeast, baker's, active dry",41.22,7.61,40.44,83.33333333333334
natural almonds,"Oil, almond",0.0,100.0,0.0,80.0
natural honey,Honey,82.4,0.0,0.3,100.0
natural peanut butter,"Candies, honey-combed, with peanut butter",67.41,20.18,8.72,81.08108108108108
navy beans,"Beans, liquid from stewed kidney beans",2.8,3.2,1.8,84.21052631578947
nectar,"Apricot nectar, canned, with added ascorbic acid",13.63,0.45,0.17,100.0
nectarine,"Nectarines, raw",9.18,0.28,1.06,100.0
nestles,"Infant formula, NESTLE, GOOD START SOY, with ARA and DHA, powder",55.6,25.6,12.5,85.71428571428572
new,"Infant Formula, MEAD JOHNSON, ENFAMIL, Premium, Newborn, ready-to-feed",7.39,3.48,1.38,100.0
new potatoes,"Babyfood, vegetable, green beans and potatoes",9.0,1.9,2.2,86.95652173913044
nilla wafers,"Cookies, vanilla wafers, lower fat",73.6,15.2,5.0,100.0
no,"Cheese, cottage, nonfat, uncreamed, dry, large or small curd",6.66,0.29,10.34,100.0
no-boil,"Ostrich, ground, cooked, pan-broiled",0.0,7.07,26.15,85.71428571428572
nondairy creamer,"Beverages, coffee, instant, vanilla, sweetened, decaffeinated, with non dairy creamer",86.28,13.33,0.0,93.75
nonfat italian dressing,"Salad dressing, italian dressing, commercial, reduced fat",9.99,6.68,0.39,78.26086956521739
nonfat mayonnaise,"Fast foods, hamburger; single, large patty; with condiments, vegetables and mayonnaise",17.33,12.37,11.34,80.0
nonfat mozzarella cheese,"Bread, cheese",44.83,20.83,10.42,80.0
nonfat plain yogurt,Tofu yogurt,15.96,1.8,3.5,77.77777777777779
nonfat yogurt,"Fast foods, strawberry banana smoothie made with ice and low-fat yogurt",15.05,0.14,0.86,86.95652173913044
noodle soup,"Noodles, chinese, cellophane or long rice (mung beans), dehydrated",86.09,0.06,0.16,77.77777777777779
noodles,"Noodles, chinese, cellophane or long rice (mung beans), dehydrated",86.09,0.06,0.16,100.0
nut meats,"Nuts, coconut meat, raw",15.23,33.49,3.33,88.88888888888889
nutmeats,"Nuts, coconut meat, raw",15.23,33.49,3.33,87.5
nutmeg,"Spices, nutmeg, ground",49.29,36.31,5.84,100.0
nuts,"Ice cream cone, chocolate covered, with nuts, flavors other than chocolate",34.38,21.88,5.21,100.0
oatmeal,"Babyfood, cereal, oatmeal, dry fortified",73.48,6.36,10.99,100.0
oats,"Cereals ready-to-eat, QUAKER, 100% Natural Granola, Oats, Wheat and Honey",73.65,11.62,10.55,100.0
of cooking oil,"Oil, safflower, salad or cooking, high oleic (primary safflower oil of commerce)",0.0,100.0,0.0,78.57142857142857
of mayonnaise,"Fast foods, hamburger; single, large patty; with condiments, vegetables and mayonnaise",17.33,12.37,11.34,91.66666666666666
of water,"Soup, black bean, canned, prepared with equal volume water",7.71,0.66,2.42,85.71428571428572
oil,"Butter oil, anhydrous",0.0,99.48,0.28,100.0
oil of cinnamon,"Cereals ready-to-eat, KELLOGG, KELLOGG'S SPECIAL K, Cinnamon Pecan",81.2,6.0,7.5,80.0
okra,"Okra, raw",7.45,0.19,1.93,100.0
old-fashioned,"Doughnuts, cake-type, plain (includes unsugared, old-fashioned)",47.06,24.93,5.31,100.0
old-fashioned oatmeal,"Bread, oatmeal",48.5,4.4,8.4,83.33333333333334
old-fashioned oatmeal flakes,Honey,82.4,0.0,0.3,80.0
oleo,"Milk, buttermilk, fluid, whole",4.88,3.31,3.21,85.71428571428572
oleomargarine,"Margarine,spread, 35-39% fat, tub",1.52,37.98,0.23,81.81818181818181
olive,"Oil, olive, salad or cooking",0.0,100.0,0.0,100.0
olive juice,"Lime juice, raw",8.42,0.07,0.42,85.71428571428572
olive oil,"Mayonnaise, reduced fat, with olive oil",0.0,40.0,0.37,100.0
olive or,"Mayonnaise, reduced fat, with olive oil",0.0,40.0,0.37,87.5
olives,"Olives, ripe, canned (small-extra large)",6.04,10.9,0.84,100.0
onion,"Spices, onion powder",79.12,1.04,10.41,100.0
onion buns,"Cinnamon buns, frosted (includes honey buns)",48.6,26.61,4.45,80.0
onion chips,"Fast foods, submarine sandwich, sweet onion chicken teriyaki on white bread with lettuce, tomato and sweet onion sauce",22.54,2.37,10.91,81.81818181818181
onion flakes,"Cereals ready-to-eat, KELLOGG, KELLOGG'S Corn Flakes",84.1,0.4,7.5,81.81818181818181
onion gravy mix,"Soup, onion, dry, mix, prepared with water",2.77,0.01,0.32,80.0
onion juice,"Fast foods, submarine sandwich, sweet onion chicken teriyaki on white bread with lettuce, tomato and sweet onion sauce",22.54,2.37,10.91,81.81818181818181
onion powder,"Spices, onion powder",79.12,1.04,10.41,100.0
onion rings,"Onion rings, breaded, par fried, frozen, prepared, heated in oven",36.3,14.4,4.52,100.0
onion salt,"Bread, white, commercially prepared, low sodium, no salt",49.6,3.6,8.2,82.35294117647058
onion soup,"Onions, spring or scallions (includes tops and bulb), raw",7.34,0.19,1.83,80.0
onion tops,"Bagels, plain, enriched, with calcium propionate (includes onion, poppy, sesame)",52.38,1.32,10.56,80.0
onions,"Onions, raw",9.34,0.1,1.1,100.0
orange,"Babyfood, juice, orange",10.2,0.3,0.6,100.0
orange cake,"Orange juice, raw (Includes foods for USDA's Food Distribution Program)",10.4,0.2,0.7,77.77777777777779
orange candy,"Babyfood, juice, orange and apple and banana",11.5,0.1,0.4,83.33333333333334
orange drink,Orange Pineapple Juice Blend,12.2,0.08,0.41,81.81818181818181
orange flavor,"Beverages, orange-flavor drink, breakfast type, powder",98.94,0.0,0.0,92.3076923076923
orange flavored,"Beverages, orange-flavor drink, breakfast type, powder",98.94,0.0,0.0,86.66666666666667
orange jello,"Orange juice, raw (Includes foods for USDA's Food Distribution Program)",10.4,0.2,0.7,80.0
orange juice,"Orange juice, raw (Includes foods for USDA's Food Distribution Program)",10.4,0.2,0.7,100.0
orange juice concentrate,"Lemon juice from concentrate, canned or bottled",5.62,0.07,0.45,79.16666666666666
orange liqueur,"Alcoholic beverage, liqueur, coffee, 53 proof",46.8,0.3,0.1,85.71428571428572
orange mix,Orange Pineapple Juice Blend,12.2,0.08,0.41,84.21052631578947
orange peel,Orange Pineapple Juice Blend,12.2,0.08,0.41,84.21052631578947
orange pop,Orange Pineapple Juice Blend,12.2,0.08,0.41,88.88888888888889
orange rind,Orange Pineapple Juice Blend,12.2,0.08,0.41,85.71428571428572
orange slice,"Orange juice, raw (Includes foods for USDA's Food Distribution Program)",10.4,0.2,0.7,83.33333333333334
orange slice candy,"Orange juice, canned, unsweetened",11.01,0.15,0.68,80.0
orange sliced candy,"Orange juice, canned, unsweetened",11.01,0.15,0.68,77.77777777777779
orange slices,"Orange juice, raw (Includes foods for USDA's Food Distribution Program)",10.4,0.2,0.7,80.0
orange tang,"Babyfood, juice, orange and apple and banana",11.5,0.1,0.4,81.81818181818181
orange topping,Orange Pineapple Juice Blend,12.2,0.08,0.41,83.33333333333334
orange vinegar,Orange Pineapple Juice Blend,12.2,0.08,0.41,84.61538461538461
orange zest,"Oranges, raw, all commercial varieties",11.75,0.12,0.94,77.77777777777779
orange-grapefruit juice,"Grapefruit juice, white, canned or bottled, unsweetened",7.59,0.7,0.55,82.05128205128204
orange-pineapple jello,Orange Pineapple Juice Blend,12.2,0.08,0.41,85.0
oranges,"Oranges, raw, all commercial varieties",11.75,0.12,0.94,100.0
oregano,"Spices, oregano, dried",68.92,4.28,9.0,100.0
oregano flakes,"Cereals ready-to-eat, KELLOGG, KELLOGG'S Corn Flakes",84.1,0.4,7.5,83.33333333333334
oreo cookies,"Babyfood, cookies",67.1,13.2,11.8,83.33333333333334
oreos,"Infant formula, MEAD JOHNSON, ENFAMIL, Premature, 20 calories ready-to-feed",7.21,3.34,1.97,80.0
other vegetables,"Babyfood, dinner, beef with vegetables",6.36,6.93,2.03,89.65517241379311
others,"Ice cream cone, chocolate covered, with nuts, flavors other than chocolate",34.38,21.88,5.21,83.33333333333334
owens hot sausage,Blood sausage,1.29,34.5,14.6,78.26086956521739
owens sausage,Blood sausage,1.29,34.5,14.6,78.26086956521739
oyster crackers,Rice crackers,82.64,5.0,10.0,86.95652173913044
oyster sauce,"Sauce, peanut, made from peanut butter, water, soy sauce",22.02,16.02,6.31,80.0
oysters,"Sauce, oyster, ready-to-serve",10.92,0.25,1.35,85.71428571428572
pack,"Ham, sliced, pre-packaged, deli meat (96%fat free, water added)",0.27,3.73,16.7,100.0
pack cream cheese,"Bread, cheese",44.83,20.83,10.42,83.33333333333334
pack skim,"Cheese, ricotta, part skim milk",5.14,7.91,11.39,77.77777777777779
packet,"Sweeteners, tabletop, aspartame, EQUAL, packets",89.08,0.0,2.17,100.0
packets instant chicken broth,"Fat, chicken",0.0,99.8,0.0,83.33333333333334
packets instant chicken broth/seasoning mix,"Fat, chicken",0.0,99.8,0.0,83.33333333333334
pads margarine,"Margarine,spread, 35-39% fat, tub",1.52,37.98,0.23,78.26086956521739
pan sausage,"Fast Foods, biscuit, with egg and sausage",21.05,20.77,11.13,90.9090909090909
pancake mix,"Syrups, table blends, pancake, with 2% maple",69.6,0.1,0.0,81.81818181818181
pancake syrup,"Pancakes plain, frozen, ready-to-heat (includes buttermilk)",37.75,6.83,5.23,78.26086956521739
papaya,"Papayas, raw",10.82,0.26,0.47,100.0
paper,"Spices, paprika",53.99,12.89,14.14,80.0
paprika,"Spices, paprika",53.99,12.89,14.14,100.0
pared,"Cheese sauce, prepared from recipe",5.48,14.92,10.33,100.0
parmesan,"Cheese, parmesan, grated",12.4,28.0,29.6,100.0
parmesan cheese,"Parmesan cheese topping, fat free",40.0,5.0,40.0,100.0
parsley,"Spices, parsley, dried",50.64,5.48,26.63,100.0
parsley flakes,"Parsley, fresh",6.33,0.79,2.97,81.4814814814815
parsley sprigs,"Parsley, fresh",6.33,0.79,2.97,78.26086956521739
parsley springs,"Parsley, fresh",6.33,0.79,2.97,78.26086956521739
parsnip,"Parsnips, cooked, boiled, drained, without salt",17.01,0.3,1.32,100.0
parsnips,"Parsnips, cooked, boiled, drained, without salt",17.01,0.3,1.32,100.0
party,"Cheese, mozzarella, low moisture, part-skim",4.44,20.4,23.7,80.0
party rye,"Pork sausage, link/patty, reduced fat, cooked, pan-fried",0.15,20.32,20.94,77.77777777777779
pasta,"Babyfood, dinner, pasta with vegetables",8.4,2.1,1.7,100.0
pasta ready,"Sauce, salsa, ready-to-serve",6.74,0.19,1.44,81.81818181818181
pasta sauce,"Babyfood, ravioli, cheese filled, with tomato sauce",16.3,2.2,3.6,80.0
pasta shells,"Taco shells, baked",63.49,21.79,6.41,78.26086956521739
pasteurized cheese,"Cheese, pasteurized process, American, vitamin D fortified",5.27,30.6,18.0,83.33333333333334
pastry,"Puff pastry, frozen, ready-to-bake, baked",45.7,38.5,7.4,100.0
pats butter,"Croissants, butter",45.8,21.0,8.2,85.71428571428572
peach,"Babyfood, fruit, peaches, strained",14.48,0.33,0.94,100.0
peach juice,"Babyfood, apple-banana juice",12.3,0.1,0.2,77.77777777777779
peach pie filling,"Pie fillings, apple, canned",26.1,0.1,0.1,78.57142857142857
peach preserves,Jams and preserves,68.86,0.07,0.37,80.0
peaches,"Babyfood, fruit, peaches, strained",14.48,0.33,0.94,100.0
peanut,"Oil, peanut, salad or cooking",0.0,100.0,0.0,100.0
peanut butter,"Cereals ready-to-eat, QUAKER, CAP'N CRUNCH'S PEANUT BUTTER CRUNCH",78.65,9.23,7.1,100.0
peanut candies,"Candies, MARS SNACKFOOD US, M&M's Peanut Chocolate Candies",60.48,26.13,9.57,80.0
peanut oil,"Peanut flour, defatted",34.7,0.55,52.2,84.21052631578947
peanuts,"Peanuts, all types, raw",16.13,49.24,25.8,100.0
pear,"Babyfood, fruit, pears, strained",10.8,0.2,0.3,100.0
pear cider,"Vinegar, cider",0.93,0.0,0.0,84.21052631578947
pear juice,"Babyfood, apple-banana juice",12.3,0.1,0.2,82.35294117647058
pear sauce,"Cranberry sauce, canned, sweetened",40.4,0.15,0.9,80.0
pearl barley,"Babyfood, cereal, barley, dry fortified",69.4,6.6,13.2,83.33333333333334
pears,"Babyfood, fruit, pears, strained",10.8,0.2,0.3,100.0
peas,"Babyfood, vegetables, peas, strained",8.36,0.43,3.27,100.0
pebbles,"Cereals ready-to-eat, POST, COCOA PEBBLES",85.7,4.1,4.8,100.0
pecan,"Cereals ready-to-eat, KELLOGG, KELLOGG'S SPECIAL K, Cinnamon Pecan",81.2,6.0,7.5,100.0
pecan chips,"Snacks, banana chips",58.4,33.6,2.3,80.0
pecan crumbs,"Bread, white, commercially prepared (includes soft bread crumbs)",49.2,3.59,9.43,78.26086956521739
pecan nuts,"Peanuts, all types, raw",16.13,49.24,25.8,82.35294117647058
pecan pieces,"Light Ice Cream, soft serve, blended with cookie pieces",25.55,5.66,3.97,80.0
pecans,"Nuts, pecans",13.86,71.97,9.17,100.0
pectin,"Oil, industrial, coconut, confection fat, typical basis for ice cream coatings",0.0,100.0,0.0,83.33333333333334
peel powder,"Beverages, orange-flavor drink, breakfast type, powder",98.94,0.0,0.0,85.71428571428572
peels,"Lemons, raw, without peel",9.32,0.3,1.1,88.88888888888889
peg corn,"Cereals ready-to-eat, chocolate-flavored frosted puffed corn",87.2,3.5,3.34,80.0
peg white corn,"Snacks, tortilla chips, plain, white corn, salted",67.78,20.68,7.1,78.57142857142857
pemento,"Protein supplement, milk based, Muscle Milk, powder",18.5,17.14,45.71,85.71428571428572
penne,"Spices, pepper, red or cayenne",56.63,17.27,12.01,88.88888888888889
penne pasta,"Babyfood, dinner, pasta with vegetables",8.4,2.1,1.7,81.81818181818181
pepper,"Spices, pepper, black",63.95,3.26,10.39,100.0
pepper sauce,"Peppers, serrano, raw",6.7,0.44,1.74,78.26086956521739
peppercorn,"Pepperoni, beef and pork, sliced",1.18,46.28,19.25,88.88888888888889
peppercorns,"Pepperoni, beef and pork, sliced",1.18,46.28,19.25,84.21052631578947
peppermint,"Pepperoni, beef and pork, sliced",1.18,46.28,19.25,77.77777777777779
peppermints,"Peppers, sweet, green, raw",4.64,0.17,0.86,77.77777777777779
pepperoncini,"Pepperoni, beef and pork, sliced",1.18,46.28,19.25,85.71428571428572
pepperoni,"Pepperoni, beef and pork, sliced",1.18,46.28,19.25,100.0
pepperoni stick,"Fast Food, Pizza Chain, 14"" pizza, pepperoni topping, regular crust",31.98,11.91,11.74,80.0
peppers,"Peppers, sweet, green, raw",4.64,0.17,0.86,100.0
pepsi,"Beverages, PEPSICO QUAKER, Gatorade, G performance O 2, ready-to-drink.",6.43,0.0,0.0,100.0
persimmon pulp,"Persimmons, japanese, raw",18.59,0.19,0.58,78.26086956521739
persimmons,"Persimmons, japanese, raw",18.59,0.19,0.58,100.0
person,"Pepperoni, beef and pork, sliced",1.18,46.28,19.25,83.33333333333334
pesto,"Soup, minestrone, canned, chunky, ready-to-serve",8.64,1.17,2.13,80.0
pet cream,"Cheese, cream",5.52,34.44,6.15,82.35294117647058
pet milk,"Cheese, ricotta, whole milk",6.86,11.0,7.81,85.71428571428572
philadelphia cream cheese,"Bread, cheese",44.83,20.83,10.42,83.33333333333334
pickle juice,"Apple juice, canned or bottled, unsweetened, without added ascorbic acid",11.3,0.13,0.1,78.26086956521739
pickle lime,"Pickle relish, sweet",35.06,0.47,0.37,81.81818181818181
pickle relish,"Pickle relish, sweet",35.06,0.47,0.37,100.0
pickles,"Pickles, cucumber, dill or kosher dill",1.99,0.43,0.48,100.0
pie apples,"Pie, apple, commercially prepared, enriched flour",34.0,11.0,1.9,90.0
pie crust,"Pie crust, standard-type, frozen, ready-to-bake, enriched, baked",56.24,28.59,6.5,100.0
pie crusts,"Pie crust, standard-type, frozen, ready-to-bake, enriched, baked",56.24,28.59,6.5,94.73684210526316
pie filling,"Pie fillings, apple, canned",26.1,0.1,0.1,100.0
pie fruit filling,"Babyfood, fortified cereal bar, fruit filling",68.63,5.3,5.43,90.32258064516128
pie shell,"Fast foods, taco with beef, cheese and lettuce, hard shell",19.85,12.7,8.86,80.0
pimento,"Pimento, canned",5.1,0.3,1.1,100.0
pimentos,"Pimento, canned",5.1,0.3,1.1,93.33333333333333
pimiento,"Pickle and pimiento loaf, pork",8.46,15.95,11.23,100.0
pimientos,"Pickle and pimiento loaf, pork",8.46,15.95,11.23,88.88888888888889
pine nuts,"Nuts, pine nuts, dried",13.08,68.37,13.69,100.0
pineapple,"Babyfood, fruit, bananas and pineapple with tapioca, junior",18.4,0.1,0.2,100.0
pineapple bits,"Babyfood, fruit, bananas and pineapple with tapioca, junior",18.4,0.1,0.2,85.71428571428572
pineapple cake mix,"Pineapple, canned, water pack, solids and liquids",8.3,0.09,0.43,77.41935483870968
pineapple chunks,"Pineapple, canned, water pack, solids and liquids",8.3,0.09,0.43,80.0
pineapple juice,"Pineapple juice, canned or bottled, unsweetened, without added ascorbic acid",12.87,0.12,0.36,100.0
pineapple liquid,"Pineapple juice, canned or bottled, unsweetened, without added ascorbic acid",12.87,0.12,0.36,82.75862068965517
pink,"Grapefruit, raw, pink and red, all areas",10.66,0.14,0.77,100.0
pink lemonade,"Beverages, The COCA-COLA company, Minute Maid, Lemonade",12.08,0.0,0.0,81.81818181818181
pinto,"Beans, pinto, mature seeds, raw (Includes foods for USDA's Food Distribution Program)",62.55,1.23,21.42,100.0
pinto beans,"Chili, no beans, canned entree",6.1,7.1,7.53,81.81818181818181
pintos,"Beans, pinto, mature seeds, raw (Includes foods for USDA's Food Distribution Program)",62.55,1.23,21.42,83.33333333333334
pistachio,"Nuts, pistachio nuts, dry roasted, without salt added",28.28,45.82,21.05,100.0
pistachios,"Nuts, pistachio nuts, dry roasted, without salt added",28.28,45.82,21.05,90.0
pita bread,"Fast foods, submarine sandwich, meatball marinara on white bread",26.01,8.45,9.77,84.21052631578947
pita breads,"Fast foods, submarine sandwich, meatball marinara on white bread",26.01,8.45,9.77,80.0
pizza,"Pizza, cheese topping, regular crust, frozen, cooked",29.02,12.28,10.36,100.0
pizza cheese,"Pizza, cheese topping, regular crust, frozen, cooked",29.02,12.28,10.36,91.66666666666666
pizza crust,"Pie crust, standard-type, frozen, ready-to-bake, enriched, baked",56.24,28.59,6.5,80.0
pizza sauce,"Fast Food, Pizza Chain, 14"" pizza, sausage topping, thick crust",30.36,12.94,11.06,81.81818181818181
plain yogurt,"Candies, confectioner's coating, yogurt",63.94,27.0,5.87,78.26086956521739
plaster,"Cheese, pasteurized process, American, vitamin D fortified",5.27,30.6,18.0,85.71428571428572
pods,"Balsam-pear (bitter gourd), pods, cooked, boiled, drained, without salt",4.32,0.18,0.84,100.0
points,"Potsticker or wonton, pork and vegetable, frozen, unprepared",13.28,5.52,8.28,80.0
popcorn,"Snacks, popcorn, air-popped",77.78,4.54,12.94,100.0
popcorn oil,"Snacks, popcorn, air-popped",77.78,4.54,12.94,81.81818181818181
poppy seed,"Salad dressing, poppyseed, creamy",23.73,33.33,0.92,90.0
poppy seeds,"Salad dressing, poppyseed, creamy",23.73,33.33,0.92,81.81818181818181
pork,"Soup, bean with pork, canned, condensed",16.97,4.42,5.88,100.0
pork &,"Pork sausage, link/patty, cooked, pan-fried",1.42,27.25,18.53,90.9090909090909
pork chips,"Snacks, taro chips",68.1,24.9,2.3,82.35294117647058
pork chops,"Sausage, pork, chorizo, link or ground, cooked, pan-fried",2.63,28.1,19.3,80.0
pork country-style,"Pork, cured, ham, center slice, country-style, separable lean only, raw",0.3,8.32,27.8,77.77777777777779
pork cubes,"Pork, cured, bacon, unprepared",0.0,37.13,13.66,80.0
pork fat,"Pork sausage, link/patty, cooked, pan-fried",1.42,27.25,18.53,80.0
pork loin,"Pepperoni, beef and pork, sliced",1.18,46.28,19.25,77.77777777777779
pork loin chops,"Pork, fresh, loin, top loin (chops), boneless, separable lean and fat, raw",0.0,6.94,21.55,80.0
pork meat,"Chicken, broilers or fryers, dark meat, drumstick, meat only, cooked, roasted",0.0,5.7,24.24,77.77777777777779
pork roast,"Beef, chuck, arm pot roast, separable lean and fat, trimmed to 1/8"" fat, all grades, cooked, braised",0.0,19.22,30.12,80.0
pork sausage,"Pork sausage, link/patty, cooked, pan-fried",1.42,27.25,18.53,100.0
pork tenderloin,"Pork, fresh, loin, tenderloin, separable lean only, raw",0.0,2.17,20.95,80.0
portion,"Leeks, (bulb and lower leaf-portion), raw",14.15,0.3,1.5,100.0
potato,"Babyfood, vegetable, green beans and potatoes",9.0,1.9,2.2,100.0
potato chips,"Snacks, potato chips, barbecue-flavor",55.92,31.06,6.51,100.0
potato flakes,Potato flour,83.1,0.34,6.9,85.71428571428572
potato slices,"Snacks, potato sticks",53.3,34.4,6.7,84.61538461538461
potato(es,"Babyfood, vegetable, green beans and potatoes",9.0,1.9,2.2,94.11764705882352
potatoes,"Babyfood, vegetable, green beans and potatoes",9.0,1.9,2.2,100.0
potatoes o'brien,"Potatoes, french fried, all types, salt added in processing, frozen, home-prepared, oven heated",25.55,5.48,2.75,80.0
poultry season,"Spices, poultry seasoning",65.59,7.53,9.59,100.0
poultry seasoning,"Spices, poultry seasoning",65.59,7.53,9.59,100.0
powder,"Cream substitute, powdered",59.29,32.92,2.48,100.0
powdered,"Cream substitute, powdered",59.29,32.92,2.48,100.0
powdered cocoa,"Beverage, instant breakfast powder, chocolate, not reconstituted",66.2,1.4,19.9,78.57142857142857
powdered milk,"Beverages, fruit-flavored drink, dry powdered mix, low calorie, with aspartame",87.38,0.04,0.45,84.61538461538461
powdered mustard,Lard,0.0,100.0,0.0,85.71428571428572
powdered nondairy creamer,"Beverages, coffee, instant, vanilla, sweetened, decaffeinated, with non dairy creamer",86.28,13.33,0.0,79.06976744186046
prepared mustard,Lard,0.0,100.0,0.0,85.71428571428572
preserves,Jams and preserves,68.86,0.07,0.37,100.0
pretzel bits,"Babyfood, pretzels",82.2,2.0,10.8,80.0
pretzel rods,"Babyfood, pretzels",82.2,2.0,10.8,80.0
pretzels,"Babyfood, pretzels",82.2,2.0,10.8,100.0
process cheese,"Cheese, pasteurized process, cheddar or American, low sodium",1.6,31.19,22.2,78.57142857142857
processed cheese,"Bread, cheese",44.83,20.83,10.42,81.81818181818181
prune juice,"Prune juice, canned",17.45,0.03,0.61,100.0
prunes,"Babyfood, fruit, prunes with tapioca, without ascorbic acid, strained",18.5,0.1,0.6,100.0
pudding,"Babyfood, dessert, cherry vanilla pudding, strained",17.8,0.3,0.2,100.0
puffed raisins,"Candies, milk chocolate coated raisins",68.4,14.8,4.1,83.33333333333334
puffed wheat,"Cereals ready-to-eat, QUAKER, QUAKER Puffed Wheat",76.39,2.15,16.26,100.0
puffs,"Babyfood, finger snacks, GERBER, GRADUATES, PUFFS, apple and cinnamon",85.79,2.3,6.19,100.0
pulp,"Beverages, Orange juice, light, No pulp",5.42,0.0,0.21,100.0
pumpkin,"Spices, pumpkin pie spice",69.28,12.6,5.76,100.0
pumpkin pie filling,"Pumpkin, raw",6.5,0.1,1.0,80.0
pumpkin pie spice,"Spices, pumpkin pie spice",69.28,12.6,5.76,100.0
pumpkin pie spices,"Spices, pumpkin pie spice",69.28,12.6,5.76,97.14285714285714
pumpkin puree,"Pumpkin, raw",6.5,0.1,1.0,80.0
pumpkin seeds,"Spices, cumin seed",44.24,22.27,17.81,81.81818181818181
purple,"Passion-fruit, (granadilla), purple, raw",23.38,0.7,2.2,100.0
quartered red potatoes,"Bread, potato",47.07,3.13,12.5,80.0
rabbit,"Game meat, rabbit, domesticated, composite of cuts, cooked, stewed",0.0,8.41,30.38,100.0
rabbits,"Game meat, rabbit, domesticated, composite of cuts, cooked, stewed",0.0,8.41,30.38,85.71428571428572
radish,"Horseradish, prepared",11.29,0.69,1.18,100.0
radishes,"Radishes, raw",3.4,0.1,0.68,100.0
raisins,"Cereals ready-to-eat, QUAKER, QUAKER 100% Natural Granola with Oats, Wheat, Honey, and Raisins",74.67,10.38,9.66,100.0
ramen,"Soup, ramen noodle, any flavor, dry",60.26,17.59,10.17,100.0
ramen noodles,"Soup, ramen noodle, any flavor, dry",60.26,17.59,10.17,92.3076923076923
raspberries,"Raspberries, raw",11.94,0.65,1.2,100.0
raspberry,"Babyfood, fruit, apple and raspberry, strained",15.6,0.2,0.2,100.0
raspberry yogurt,Tofu yogurt,15.96,1.8,3.5,77.77777777777779
ravioli,"Babyfood, ravioli, cheese filled, with tomato sauce",16.3,2.2,3.6,100.0
raw spinach,"Spinach, raw",3.63,0.39,2.86,77.77777777777779
raw strawberries,"Strawberries, raw",7.68,0.3,0.67,85.71428571428572
ready,"Child formula, ABBOTT NUTRITION, PEDIASURE, ready-to-feed",11.15,4.77,2.86,100.0
ready-to-serve chicken,"Fat, chicken",0.0,99.8,0.0,80.0
realemon juice,"Lemon juice, raw",6.9,0.24,0.35,88.0
realemon juice from concentrate,"Lemon juice from concentrate, canned or bottled",5.62,0.07,0.45,94.91525423728814
recipe biscuits,"Babyfood, Baby MUM MUM Rice Biscuits",83.21,0.87,12.5,85.71428571428572
red,"Cream, sour, cultured",4.63,19.35,2.44,100.0
red and,"Beverages, milk beverage, reduced fat, flavored and sweetened, Ready-to-drink,  added calcium, vitamin A and vitamin D",12.08,1.83,3.05,100.0
red and/or,"Water, with corn syrup and/or sugar and low calorie sweetener, fruit flavored",4.5,0.0,0.0,80.0
red apple,"Babyfood, juice, apple",11.7,0.1,0.0,82.35294117647058
red apples,"Babyfood, apples, dices, toddler",11.56,0.36,0.19,80.0
red beans,"Restaurant, Mexican, refried beans",16.79,6.77,6.91,94.11764705882352
red cabbage,"Cabbage, raw",5.8,0.1,1.28,77.77777777777779
red cherries,"Cereals ready-to-eat, KELLOGG, KELLOGG'S SPECIAL K Red Berries",87.09,1.29,6.3,86.95652173913044
red chili,"Spices, chili powder",49.7,14.28,13.46,77.77777777777779
red currant,"Currants, zante, dried",76.98,0.22,3.43,77.77777777777779
red grapes,"Babyfood, juice, apple and grape",11.34,0.2,0.1,82.35294117647058
red jell-o,"Mustard, prepared, yellow",5.3,3.38,4.25,80.0
red jello,"Mustard, prepared, yellow",5.3,3.38,4.25,77.77777777777779
red kidney,"Beans, liquid from stewed kidney beans",2.8,3.2,1.8,90.0
red kidney beans,"Beans, liquid from stewed kidney beans",2.8,3.2,1.8,96.7741935483871
red leaf,"Lettuce, red leaf, raw",2.26,0.22,1.33,100.0
red lentils,"Lentils, raw",63.35,1.06,24.63,77.77777777777779
red maraschino cherries,"Maraschino cherries, canned, drained",41.97,0.21,0.22,90.47619047619048
red onion,"Snacks, corn-based, extruded, onion-flavor",65.1,22.6,7.7,88.88888888888889
red onions,"Snacks, corn-based, extruded, onion-flavor",65.1,22.6,7.7,80.0
red pepper,"Spices, pepper, black",63.95,3.26,10.39,80.0
red peppers,"Sauce, ready-to-serve, pepper, TABASCO",0.8,0.76,1.29,81.81818181818181
red pimento,"Pickle and pimiento loaf, pork",8.46,15.95,11.23,81.81818181818181
red pineapple,"Babyfood, fruit, bananas and pineapple with tapioca, junior",18.4,0.1,0.2,84.61538461538461
red potatoes,"Snacks, potato chips, made from dried potatoes, reduced fat",64.76,26.14,4.56,91.66666666666666
red radishes,"Radishes, raw",3.4,0.1,0.68,80.0
red raspberry,"Babyfood, fruit, apple and raspberry, strained",15.6,0.2,0.2,84.61538461538461
red salmon,"Candies, sugar-coated almonds",68.26,17.93,10.0,80.0
red sauce,"Tomato products, canned, sauce",5.31,0.3,1.2,88.88888888888889
red sugar,"Milk, chocolate, lowfat, reduced sugar",7.68,1.04,3.43,94.11764705882352
red sweet onion,"Fast foods, submarine sandwich, sweet onion chicken teriyaki on white bread with lettuce, tomato and sweet onion sauce",22.54,2.37,10.91,86.66666666666667
red syrup,"Syrups, chocolate, HERSHEY'S Genuine Chocolate Flavored Lite Syrup",34.56,0.97,1.4,87.5
red vinegar,"Salad dressing, home recipe, vinegar and oil",2.5,50.1,0.0,81.81818181818181
regular biscuits,"Crackers, water biscuits",72.81,7.14,7.14,81.4814814814815
regular cranberry sauce,"Cranberry sauce, canned, sweetened",40.4,0.15,0.9,78.94736842105263
regular marshmallows,"Candies, marshmallows",81.3,0.2,1.8,78.78787878787878
regular mustard,Lard,0.0,100.0,0.0,85.71428571428572
regular oats,"Pork, cured, ham, boneless, extra lean and regular, roasted",0.5,7.66,21.97,83.33333333333334
regular rice,"Beverages, UNILEVER, SLIMFAST, meal replacement, regular, ready-to-drink,  3-2-1 Plan",7.74,1.93,3.32,83.33333333333334
regular salt,"Alcoholic beverage, beer, regular, all",3.55,0.0,0.46,83.33333333333334
regular tomato catsup,Catsup,27.4,0.1,1.04,100.0
regular vanilla pudding,"Babyfood, dessert, cherry vanilla pudding, strained",17.8,0.3,0.2,78.26086956521739
regular velveeta cheese,"Bread, cheese",44.83,20.83,10.42,78.26086956521739
relish,"Pickle relish, sweet",35.06,0.47,0.37,100.0
rhubarb,"Rhubarb, raw",4.54,0.2,0.9,100.0
ribs,"Pork, fresh, composite of trimmed leg, loin, shoulder, and spareribs, (includes cuts to be cured), separable lean and fat, raw",0.0,14.79,18.22,100.0
rice,"Babyfood, dinner, turkey and rice, strained",7.94,1.24,2.27,100.0
rice cereal,"Candies, milk chocolate, with rice cereal",59.67,29.37,7.64,100.0
rice chex cereal,"Candies, milk chocolate, with rice cereal",59.67,29.37,7.64,81.4814814814815
rice chili,"Spices, chili powder",49.7,14.28,13.46,80.0
rice crispies,"Cereals ready-to-eat, KELLOGG, KELLOGG'S FROSTED RICE KRISPIES",91.3,0.4,4.3,92.3076923076923
rice crispies cereal,"Cereals ready-to-eat, KELLOGG, KELLOGG'S RICE KRISPIES TREATS Cereal",85.59,4.19,4.3,80.0
rice krispies,"Cereals ready-to-eat, KELLOGG, KELLOGG'S FROSTED RICE KRISPIES",91.3,0.4,4.3,100.0
rice pilaf,"Rice and vermicelli mix, rice pilaf flavor, unprepared",76.31,1.37,10.42,100.0
rice vinegar,"Salad dressing, home recipe, vinegar and oil",2.5,50.1,0.0,83.33333333333334
rice-a-roni chicken mushroom,"RICE-A-RONI, chicken flavor, unprepared",76.08,1.04,10.64,81.63265306122449
rich cream,"Ice cream, bar or stick, chocolate covered",24.5,24.1,4.1,84.21052631578947
ricotta,"Cheese, ricotta, whole milk",6.86,11.0,7.81,100.0
ring,"Thuringer, cervelat, summer sausage, beef, pork",3.33,30.43,17.45,100.0
ring macaroni,"Pasta mix, classic cheeseburger macaroni, unprepared",71.51,1.88,11.6,84.61538461538461
roast,"Chicken, broilers or fryers, skin only, cooked, roasted",0.0,40.68,20.36,100.0
rock,"Beverages, Energy drink, ROCKSTAR",12.7,0.22,0.34,100.0
roll,"Ice cream cones, sugar, rolled-type",84.1,3.8,7.9,100.0
roll chocolate chip,"Snacks, granola bars, soft, uncoated, chocolate chip",70.2,16.57,5.65,88.23529411764706
roll pork sausage,"Pork sausage, link/patty, cooked, pan-fried",1.42,27.25,18.53,82.75862068965517
roll sausage,Blood sausage,1.29,34.5,14.6,81.81818181818181
roll smoked cheese,"Bread, cheese",44.83,20.83,10.42,81.81818181818181
rolls,"Rolls, dinner, plain, commercially prepared (includes brown-and-serve)",52.04,6.47,10.86,100.0
romano cheese,"Parmesan cheese topping, fat free",40.0,5.0,40.0,84.61538461538461
rotini,"Cream substitute, liquid, with hydrogenated vegetable oil and soy protein",11.38,9.97,1.0,83.33333333333334
rotini noodles,"Macaroni or noodles with cheese, made from reduced fat packaged mix, unprepared",52.06,4.03,13.1,78.57142857142857
round steak,"Beef, round, top round steak, boneless, separable lean only, trimmed to 0"" fat, all grades, cooked, grilled",0.0,3.77,30.09,100.0
rum,"Chicken, broilers or fryers, drumstick, meat and skin, cooked, roasted",0.0,10.15,23.35,100.0
rum flavoring,"Beverages, Energy drink, VAULT, citrus flavor",12.99,0.0,0.0,78.26086956521739
rump roast,"Seeds, sesame butter, tahini, from roasted and toasted kernels (most common type)",21.19,53.76,17.0,80.0
rutabaga,"Rutabagas, raw",8.62,0.16,1.08,100.0
rutabagas,"Rutabagas, raw",8.62,0.16,1.08,100.0
rye,"Chicken, broilers or fryers, skin only, raw",0.0,32.35,13.33,100.0
rye bread,"Fast foods, submarine sandwich, meatball marinara on white bread",26.01,8.45,9.77,87.5
rye flour,"Rye flour, medium",75.43,1.52,10.88,100.0
sack tortilla chips,"Snacks, tortilla chips, plain, white corn, salted",67.78,20.68,7.1,89.47368421052632
safflower,"Oil, safflower, salad or cooking, high oleic (primary safflower oil of commerce)",0.0,100.0,0.0,100.0
safflower oil,"Oil, safflower, salad or cooking, high oleic (primary safflower oil of commerce)",0.0,100.0,0.0,100.0
sage,"Spices, sage, ground",60.73,12.75,10.63,100.0
salad,"Salad dressing, KRAFT Mayo Fat Free Mayonnaise Dressing",15.8,0.0,0.2,100.0
salad crunchies,"Cereals ready-to-eat, MALT-O-MEAL, COLOSSAL CRUNCH",81.59,5.28,3.64,80.0
salad dressing,"Salad dressing, KRAFT Mayo Fat Free Mayonnaise Dressing",15.8,0.0,0.2,100.0
salad greens,"Mustard greens, raw",4.67,0.42,2.86,83.33333333333334
salad oil,"Salad dressing, KRAFT Mayo Fat Free Mayonnaise Dressing",15.8,0.0,0.2,80.0
salad seasoning,"Spices, poultry seasoning",65.59,7.53,9.59,80.0
salad style mustard,Lard,0.0,100.0,0.0,85.71428571428572
salad supreme,Ham salad spread,10.64,15.53,8.68,80.0
salal juice,"Babyfood, apple-banana juice",12.3,0.1,0.2,80.0
salami,"Salami, cooked, turkey",1.55,9.21,19.2,100.0
salmon,"Fish, salmon, chinook, smoked",0.0,4.32,18.28,100.0
salmon filets,Vegetarian fillets,9.0,18.0,23.0,78.26086956521739
salmon fillet,Vegetarian fillets,9.0,18.0,23.0,78.26086956521739
salsa,"Sauce, salsa, ready-to-serve",6.74,0.19,1.44,100.0
salsa sauce,"Fast foods, cheeseburger; double, regular patty; double decker bun with condiments and special sauce",21.53,14.1,11.94,84.21052631578947
salt,"Butter, salted",0.06,81.11,0.85,100.0
salt pork,"Pork, cured, salt pork, raw",0.0,80.5,5.05,100.0
salt water,"Beverages, Energy Drink with carbonated water and high fructose corn syrup",15.0,0.0,0.42,80.0
salted almonds,"Candies, sugar-coated almonds",68.26,17.93,10.0,92.3076923076923
saltine crackers,Rice crackers,82.64,5.0,10.0,88.0
same size,"Salad dressing, sesame seed dressing, regular",8.6,45.2,3.1,77.77777777777779
sandies,"Candies, MARS SNACKFOOD US, M&M's Peanut Chocolate Candies",60.48,26.13,9.57,92.3076923076923
sandwich,"Sandwich spread, with chopped pickle, regular, unspecified oils",22.4,34.0,0.9,100.0
sandwich buns,"Sandwich spread, with chopped pickle, regular, unspecified oils",22.4,34.0,0.9,86.95652173913044
sandwich sauce,"Fast foods, griddle cake sandwich, sausage",31.25,17.76,8.41,85.71428571428572
sandwich spread,"Sandwich spread, with chopped pickle, regular, unspecified oils",22.4,34.0,0.9,100.0
sauce,"Cheese sauce, prepared from recipe",5.48,14.92,10.33,100.0
sauerkraut,"Sauerkraut, canned, solids and liquids",4.28,0.14,0.91,100.0
sausage,Blood sausage,1.29,34.5,14.6,100.0
sausage links,"Pork sausage, link/patty, cooked, pan-fried",1.42,27.25,18.53,92.3076923076923
sausage meat,"Sausage, meatless",8.09,18.16,20.28,91.66666666666666
sausage patties,"Fast foods, bagel, with egg, sausage patty, cheese, and condiments",22.64,16.97,12.98,80.0
sausages,Blood sausage,1.29,34.5,14.6,93.33333333333333
scallion,"Onions, spring or scallions (includes tops and bulb), raw",7.34,0.19,1.83,100.0
scallions,"Onions, spring or scallions (includes tops and bulb), raw",7.34,0.19,1.83,100.0
scallops,"Mollusks, scallop, mixed species, raw",3.18,0.49,12.06,87.5
scotch,"Candies, butterscotch",90.4,3.3,0.03,100.0
season,"Spices, poultry seasoning",65.59,7.53,9.59,100.0
seasoning,"Spices, poultry seasoning",65.59,7.53,9.59,100.0
seasoning ham,"Spices, poultry seasoning",65.59,7.53,9.59,81.81818181818181
seasoning mix,"Spices, poultry seasoning",65.59,7.53,9.59,81.81818181818181
seasoning salt,"Spices, poultry seasoning",65.59,7.53,9.59,78.26086956521739
seasonings,"Spices, poultry seasoning",65.59,7.53,9.59,94.73684210526316
secret ingredients,Vitamin D as ingredient,0.0,0.0,0.0,80.0
sections,"Grapefruit, sections, canned, water pack, solids and liquids",9.15,0.1,0.58,100.0
seeded raisins,"Candies, milk chocolate coated raisins",68.4,14.8,4.1,83.33333333333334
semi sweet chocolate chips,"Candies, semisweet chocolate",63.9,30.0,4.2,84.44444444444444
semi-sweet,"Candies, semisweet chocolate",63.9,30.0,4.2,90.0
semi-sweet chocolate,"Candies, semisweet chocolate",63.9,30.0,4.2,97.43589743589743
semi-sweet chocolate bits,"Candies, semisweet chocolate",63.9,30.0,4.2,86.36363636363636
semi-sweet chocolate chips,"Candies, semisweet chocolate",63.9,30.0,4.2,84.44444444444444
semi-sweet chocolate mini morsels,"Candies, semisweet chocolate",63.9,30.0,4.2,79.16666666666666
semi-sweet chocolate morsels,"Candies, semisweet chocolate",63.9,30.0,4.2,80.85106382978724
semi-sweet chocolate pieces,"Candies, semisweet chocolate",63.9,30.0,4.2,82.6086956521739
sesame crackers,Rice crackers,82.64,5.0,10.0,86.95652173913044
sesame oil,"Restaurant, Chinese, sesame chicken",26.88,14.25,14.33,80.0
sesame seed,"Salad dressing, sesame seed dressing, regular",8.6,45.2,3.1,100.0
sesame seed plus,"Salad dressing, sesame seed dressing, regular",8.6,45.2,3.1,81.25
sesame seeds,"Salad dressing, sesame seed dressing, regular",8.6,45.2,3.1,91.66666666666666
shallot,"Cereals ready-to-eat, MALT-O-MEAL, MARSHMALLOW MATEYS",82.77,3.53,6.94,85.71428571428572
sharp cheese,"Fast foods, breadstick, soft, prepared with garlic and parmesan cheese",44.48,12.88,12.2,81.81818181818181
shell,"Cream puff shell, prepared from recipe",22.8,25.9,9.0,100.0
shells,"Taco shells, baked",63.49,21.79,6.41,100.0
sherbet,"Sherbet, orange",30.4,2.0,1.1,100.0
sherry,"Babyfood, juice, apple - cherry",11.2,0.1,0.2,90.9090909090909
shin bone,"Fish, salmon, chum, canned, drained solids with bone",0.0,5.5,21.43,80.0
short ribs,"Beef, rib, shortribs, separable lean and fat, choice, cooked, braised",0.0,41.98,21.57,90.0
shortbread,"Cookies, shortbread, commercially prepared, plain",63.78,26.22,5.37,100.0
shortbread cookies,"Cookies, shortbread, commercially prepared, plain",63.78,26.22,5.37,77.77777777777779
shortening,"Shortening industrial, soybean (hydrogenated) and cottonseed",0.0,100.0,0.0,100.0
shoyu,Soy sauce made from soy and wheat (shoyu),4.93,0.57,8.14,100.0
shredded cheddar,"Cereals ready-to-eat, POST, Honey Nut Shredded Wheat",83.6,2.9,8.5,80.0
shredded cheese,"Bread, cheese",44.83,20.83,10.42,81.81818181818181
shredded coconut,"Oil, coconut",0.84,99.1,0.0,80.0
shredded monterey cheese,"Bread, cheese",44.83,20.83,10.42,78.26086956521739
shredded wheat,"Cereals ready-to-eat, POST, Honey Nut Shredded Wheat",83.6,2.9,8.5,100.0
shredded wheat chex,"Cereals ready-to-eat, POST, Honey Nut Shredded Wheat",83.6,2.9,8.5,84.84848484848484
shrimp,"Soup, cream of shrimp, canned, prepared with equal volume low fat (2%) milk",5.64,3.23,2.78,100.0
sirloin,"Beef, top sirloin, steak, separable lean and fat, trimmed to 0"" fat, all grades, cooked, broiled",0.0,9.67,29.33,100.0
sirloin steak,"Beef, top sirloin, steak, separable lean and fat, trimmed to 0"" fat, all grades, cooked, broiled",0.0,9.67,29.33,92.3076923076923
sirloin steaks,"Beef, top sirloin, steak, separable lean and fat, trimmed to 0"" fat, all grades, cooked, broiled",0.0,9.67,29.33,92.85714285714286
sirloin tip,"Beef, top sirloin, steak, separable lean and fat, trimmed to 0"" fat, all grades, cooked, broiled",0.0,9.67,29.33,81.81818181818181
sliced meat,"Turkey ham, sliced, extra lean, prepackaged or deli-sliced",2.93,3.8,19.6,81.81818181818181
slivers,"Braunschweiger (a liver sausage), pork",3.1,28.5,14.5,85.71428571428572
small cheese crackers,Rice crackers,82.64,5.0,10.0,86.95652173913044
smoke flavor,"Beverages, Energy drink, VAULT, citrus flavor",12.99,0.0,0.0,80.0
smooth peanut butter,"Candies, honey-combed, with peanut butter",67.41,20.18,8.72,88.88888888888889
snack raisins,"Cereals ready-to-eat, QUAKER, QUAKER 100% Natural Granola with Oats, Wheat, Honey, and Raisins",74.67,10.38,9.66,78.26086956521739
snickers,"Candies, MARS SNACKFOOD US, SNICKERS Bar",61.51,23.85,7.53,100.0
soap flakes,"Cereals ready-to-eat, POST, GRAPE-NUTS Flakes",82.0,3.7,9.4,84.21052631578947
soba noodles,"Restaurant, Chinese, vegetable chow mein, without meat or noodles",5.74,1.68,1.34,81.81818181818181
soda,"Beverages, carbonated, club soda",0.0,0.0,0.0,100.0
soda crackers,"Babyfood, crackers, vegetable",66.85,19.6,8.4,84.61538461538461
soft tortillas,"Tortillas, ready-to-bake or -fry, corn",44.64,2.85,5.7,78.26086956521739
softened ice cream,"Fat free ice cream, no sugar added, flavors other than chocolate",28.86,0.0,4.41,77.77777777777779
sole fillets,Vegetarian fillets,9.0,18.0,23.0,80.0
sompin,"Spinach, raw",3.63,0.39,2.86,80.0
sorghum molasses,Molasses,74.73,0.1,0.0,100.0
soul seasoning,"Spices, poultry seasoning",65.59,7.53,9.59,83.33333333333334
soup,"Babyfood, dinner, chicken soup, strained",7.2,1.7,1.6,100.0
soup bone,"Soup, bean with pork, canned, condensed",16.97,4.42,5.88,82.35294117647058
soup meat,"Restaurant, Chinese, fried rice, without meat",32.5,3.19,3.84,82.35294117647058
sour cream,"Sour cream, imitation, cultured",6.63,19.52,2.4,100.0
sour cream lite,"Sour cream, light",7.1,10.6,3.5,89.65517241379311
sour cream onion,"Sour cream, imitation, cultured",6.63,19.52,2.4,82.75862068965517
sour half and half,"Cream, fluid, half and half",4.3,11.5,3.13,87.5
sour milk,"Potatoes, mashed, dehydrated, flakes without milk, dry form",81.17,0.41,8.34,77.77777777777779
soy,"Cream substitute, liquid, with hydrogenated vegetable oil and soy protein",11.38,9.97,1.0,100.0
soy flour,"Soy flour, full-fat, raw",31.92,20.65,37.81,100.0
soy sauce,Soy sauce made from soy and wheat (shoyu),4.93,0.57,8.14,100.0
space,"Cheese sauce, prepared from recipe",5.48,14.92,10.33,80.0
spaghetti,"Babyfood, dinner, spaghetti and tomato and meat, junior",11.42,1.37,2.57,100.0
spanish paprika,"Spices, paprika",53.99,12.89,14.14,80.0
spanish rice,"Restaurant, Mexican, spanish rice",31.16,5.29,3.28,100.0
spareribs,"Pork, fresh, composite of trimmed leg, loin, shoulder, and spareribs, (includes cuts to be cured), separable lean and fat, raw",0.0,14.79,18.22,100.0
spice,"Spices, basil, dried",47.75,4.07,22.98,100.0
spice cake,"Rice cake, cracker (include hain mini rice cakes)",81.1,4.3,7.1,84.21052631578947
spicy mustard,Lard,0.0,100.0,0.0,85.71428571428572
spinach,"Babyfood, vegetables, spinach, creamed, strained",5.7,1.3,2.5,100.0
spinach leaves,"Spinach, raw",3.63,0.39,2.86,80.0
spinach noodles,"Spinach, raw",3.63,0.39,2.86,80.0
spiral noodles,"Restaurant, Chinese, vegetable chow mein, without meat or noodles",5.74,1.68,1.34,78.26086956521739
splenda,"Sweeteners, tabletop, sucralose, SPLENDA packets",91.17,0.0,0.0,100.0
split peas,"Split pea soup, canned, reduced sodium, prepared with water or ready-to serve",11.83,0.92,3.85,94.73684210526316
spread,"Cheese spread, pasteurized process, American",8.73,21.23,16.41,100.0
sprinkles,"Beverages, Fruit flavored drink, less than 3% juice, not fortified with vitamin C",16.03,0.0,0.0,77.77777777777779
sprinkles marjoram,"Spices, marjoram, dried",60.56,7.04,12.66,82.35294117647058
sprite,"Beverages, carbonated, SPRITE, lemon-lime, without caffeine",10.14,0.02,0.05,100.0
sprouts,"Brussels sprouts, raw",8.95,0.3,3.38,100.0
squash,"Babyfood, vegetables, squash, strained",5.73,0.2,0.81,100.0
squirrels,"Game meat, squirrel, cooked, roasted",0.0,4.69,30.77,88.88888888888889
squirt,"Lambsquarters, cooked, boiled, drained, without salt",5.0,0.7,3.2,83.33333333333334
squish,"Babyfood, vegetables, squash, strained",5.73,0.2,0.81,83.33333333333334
stack,"Ice cream, bar or stick, chocolate covered",24.5,24.1,4.1,80.0
stack crackers,Rice crackers,82.64,5.0,10.0,83.33333333333334
stale,"Butter, salted",0.06,81.11,0.85,80.0
starch,"Candies, gumdrops, starch jelly pieces",98.9,0.0,0.0,100.0
steak,"Pork, fresh, shoulder, (Boston butt), blade (steaks), separable lean and fat, raw",0.0,12.36,17.42,100.0
steak sauce,"Beans, baked, canned, with pork and sweet sauce",21.57,0.89,4.52,77.77777777777779
steak seasoning,"Spices, poultry seasoning",65.59,7.53,9.59,80.0
stew beef,"Frankfurter, beef, unheated",2.89,28.0,11.7,77.77777777777779
stew meat,"Restaurant, Chinese, fried rice, without meat",32.5,3.19,3.84,80.0
stewing chicken,"Fat, chicken",0.0,99.8,0.0,80.0
sticks,"Babyfood, meat, chicken sticks, junior",1.5,14.4,14.6,100.0
stock,"Soup, mushroom with beef stock, canned, condensed",7.41,3.21,2.51,100.0
stone ground,"Spices, cinnamon, ground",80.59,1.24,3.99,81.81818181818181
stout,"Milk, dry, nonfat, regular, without added vitamin A and vitamin D",51.98,0.77,36.16,80.0
stove top chicken,"Fat, chicken",0.0,99.8,0.0,80.0
strawberries,"Strawberries, raw",7.68,0.3,0.67,100.0
strawberry,"Yogurt, Greek, strawberry, lowfat",12.29,2.57,8.17,100.0
strawberry bacardi,"Fruit juice smoothie, NAKED JUICE, strawberry banana",11.66,0.27,0.48,80.0
strawberry cream cheese,"Bread, cheese",44.83,20.83,10.42,83.33333333333334
strawberry flavored,"Strawberry-flavor beverage mix, powder",99.1,0.2,0.1,88.88888888888889
strawberry gelatin,"Yogurt, Greek, strawberry, lowfat",12.29,2.57,8.17,77.77777777777779
strawberry glaze,"Kefir, lowfat, strawberry, LIFEWAY",10.2,0.9,3.39,81.25
strawberry ice cream,"Strawberries, canned, heavy syrup pack, solids and liquids",23.53,0.26,0.56,77.77777777777779
strawberry jam,"Babyfood, fruit, banana and strawberry, junior",25.78,0.37,0.71,85.71428571428572
strawberry jell-o,"Strawberry-flavor beverage mix, powder",99.1,0.2,0.1,78.57142857142857
strawberry jello,"Yogurt, Greek, strawberry, lowfat",12.29,2.57,8.17,81.25
strawberry-banana,"Fruit juice smoothie, NAKED JUICE, strawberry banana",11.66,0.27,0.48,94.11764705882352
strawberry-flavored gelatin,"Strawberry-flavor beverage mix, powder",99.1,0.2,0.1,80.85106382978724
stuffing,"Bread, stuffing, dry mix",76.2,3.4,11.0,100.0
stuffing crumbs,"Bread, stuffing, cornbread, dry mix, prepared",21.9,8.8,2.9,80.0
stuffing mix,"Turkey, stuffing, mashed potatoes w/gravy, assorted vegetables, frozen, microwaved",16.32,3.89,6.97,83.33333333333334
sugar,"Fat free ice cream, no sugar added, flavors other than chocolate",28.86,0.0,4.41,100.0
sugar honey,Honey,82.4,0.0,0.3,100.0
sugar replacement,"Butter replacement, without fat, powder",89.0,1.0,2.0,82.35294117647058
sugar substitute,"Egg substitute, liquid or frozen, fat free",2.0,0.0,10.0,80.0
summer,"Thuringer, cervelat, summer sausage, beef, pork",3.33,30.43,17.45,100.0
summer sausage,"Thuringer, cervelat, summer sausage, beef, pork",3.33,30.43,17.45,100.0
sunflower,"Oil, sunflower, linoleic, (approx. 65%)",0.0,100.0,0.0,100.0
sunflower nuts,"Oil, sunflower, linoleic, (approx. 65%)",0.0,100.0,0.0,78.57142857142857
sunflower seeds,"Seeds, sunflower seed kernels, dry roasted, without salt",24.07,49.8,19.33,93.33333333333333
swans,"Croissants, butter",45.8,21.0,8.2,80.0
sweet,"Milk, canned, condensed, sweetened",54.4,8.7,7.91,100.0
sweet and,"Rice bowl with chicken, frozen entree, prepared (includes fried, teriyaki, and sweet and sour varieties)",22.46,1.56,5.65,100.0
sweet butter,"Candies, honey-combed, with peanut butter",67.41,20.18,8.72,80.0
sweet chocolate,"Candies, semisweet chocolate",63.9,30.0,4.2,100.0
sweet chocolate chips,"Cookies, marshmallow, with rice cereal and chocolate chips",63.26,18.18,4.55,86.48648648648648
sweet cream,"Salad dressing, poppyseed, creamy",23.73,33.33,0.92,81.81818181818181
sweet green peas,"Peppers, sweet, green, raw",4.64,0.17,0.86,81.25
sweet onion,"Fast foods, submarine sandwich, sweet onion chicken teriyaki on white bread with lettuce, tomato and sweet onion sauce",22.54,2.37,10.91,100.0
sweet onions,"Fast foods, submarine sandwich, sweet onion chicken teriyaki on white bread with lettuce, tomato and sweet onion sauce",22.54,2.37,10.91,91.66666666666666
sweet orange,"Sherbet, orange",30.4,2.0,1.1,81.81818181818181
sweet oranges,"Sherbet, orange",30.4,2.0,1.1,78.26086956521739
sweet paprika,"Spices, paprika",53.99,12.89,14.14,78.26086956521739
sweet peas,"Bread, pan dulce, sweet yeast bread",56.38,11.58,9.42,90.0
sweet peppers,"Beverages, carbonated, reduced sugar, cola, contains caffeine and sweeteners",5.16,0.0,0.0,78.26086956521739
sweet pickle,"Pork, cured, feet, pickled",0.01,10.02,11.63,83.33333333333334
sweet pickle relish,"Pickle relish, sweet",35.06,0.47,0.37,81.25
sweet pickles,"Pork, cured, feet, pickled",0.01,10.02,11.63,80.0
sweet potato,"Babyfood, vegetables, sweet potatoes strained",13.2,0.1,1.1,100.0
sweet potatoes,"Babyfood, vegetables, sweet potatoes strained",13.2,0.1,1.1,100.0
sweet red,"Peppers, sweet, red, raw",6.03,0.3,0.99,88.88888888888889
sweet relish,"Sweet rolls, cinnamon, commercially prepared with raisins",50.9,16.4,6.2,78.26086956521739
sweet rice flour,"Bread, gluten-free, white, made with rice flour, corn starch, and/or tapioca",45.78,5.24,4.31,81.25
sweet sausage,"Beans, baked, canned, with pork and sweet sauce",21.57,0.89,4.52,83.33333333333334
sweetener,"Beverages, carbonated, reduced sugar, cola, contains caffeine and sweeteners",5.16,0.0,0.0,100.0
swiss,"Cheese, swiss",1.44,31.0,27.0,100.0
swiss chard,Lard,0.0,100.0,0.0,85.71428571428572
swiss cheese,"Snacks, corn-based, extruded, puffs or twists, cheese-flavor",53.53,36.01,5.85,83.33333333333334
syrup,"Strawberries, canned, heavy syrup pack, solids and liquids",23.53,0.26,0.56,100.0
t shortening,"Shortening industrial, soybean (hydrogenated) and cottonseed",0.0,100.0,0.0,90.9090909090909
tabasco,"Sauce, ready-to-serve, pepper, TABASCO",0.8,0.76,1.29,100.0
tablets,"Babyfood, dinner, beef with vegetables",6.36,6.93,2.03,92.3076923076923
taco,"Taco shells, baked",63.49,21.79,6.41,100.0
taco cheese,"Snacks, tortilla chips, nacho cheese",60.81,27.42,7.36,90.9090909090909
taco chips,"Snacks, potato chips, barbecue-flavor",55.92,31.06,6.51,90.0
taco salsa,Potato salad with egg,16.18,9.4,1.96,80.0
taco sauce,"Babyfood, ravioli, cheese filled, with tomato sauce",16.3,2.2,3.6,88.88888888888889
taco seasoning,"Spices, poultry seasoning",65.59,7.53,9.59,83.33333333333334
tahini,"Seeds, sesame butter, tahini, from roasted and toasted kernels (most common type)",21.19,53.76,17.0,100.0
tamales,"Restaurant, Latino, tamale, corn",26.68,7.21,3.48,85.71428571428572
tamari,"Tamarinds, raw",62.5,0.6,2.8,100.0
tapioca,"Babyfood, fruit, apricot with tapioca, strained",16.3,0.0,0.3,100.0
tarragon leaves,"Taro leaves, raw",6.7,0.74,4.98,84.61538461538461
tart shells,"Taco shells, baked",63.49,21.79,6.41,81.81818181818181
tater,"Soup, black bean, canned, prepared with equal volume water",7.71,0.66,2.42,88.88888888888889
tea,"Pork, fresh, shoulder, (Boston butt), blade (steaks), separable lean and fat, raw",0.0,12.36,17.42,100.0
tenderloin,"Pork, fresh, loin, tenderloin, separable lean only, raw",0.0,2.17,20.95,100.0
tenderloins,"Pork, fresh, loin, tenderloin, separable lean only, raw",0.0,2.17,20.95,90.9090909090909
thawed whipped topping,"Whipped topping, frozen, low fat",23.6,13.1,3.0,81.08108108108108
thick applesauce,"Babyfood, cereal, mixed, with applesauce and bananas, strained",18.38,0.51,0.71,81.25
thighs,"Chicken, broilers or fryers, thigh, meat and skin, raw",0.25,16.61,16.52,83.33333333333334
thin apples,"Babyfood, fruit, bananas with apples and pears, strained",19.31,0.22,0.9,81.81818181818181
thin bread,"Bread, pan dulce, sweet yeast bread",56.38,11.58,9.42,82.35294117647058
thin ham,"Fast foods, biscuit, with ham",38.75,16.3,11.85,85.71428571428572
thin noodles,"Restaurant, Chinese, vegetable chow mein, without meat or noodles",5.74,1.68,1.34,80.0
thin pretzels,"Babyfood, pretzels",82.2,2.0,10.8,81.81818181818181
thin slices,"Luncheon slices, meatless",4.44,11.11,17.78,81.81818181818181
thin spaghetti,"Babyfood, dinner, spaghetti and tomato and meat, junior",11.42,1.37,2.57,78.57142857142857
thin-sliced,"Turkey ham, sliced, extra lean, prepackaged or deli-sliced",2.93,3.8,19.6,84.21052631578947
three cheese,"Fast foods, nachos, with cheese",34.91,21.5,4.32,85.71428571428572
thyme,"Spices, thyme, dried",63.94,7.43,9.11,100.0
tia maria,"Tamarinds, raw",62.5,0.6,2.8,80.0
time,"Frozen novelties, ice type, lime",32.6,0.0,0.4,85.71428571428572
toasted wheat germ,"Oil, wheat germ",0.0,100.0,0.0,84.61538461538461
toes garlic,"Spices, garlic powder",72.73,0.73,16.55,81.81818181818181
tofu,"Tofu, soft, prepared with calcium sulfate and magnesium chloride (nigari)",1.18,3.69,7.17,100.0
tomato,"Babyfood, dinner, macaroni and tomato and beef, strained",9.45,1.47,2.36,100.0
tomato bisque,"Babyfood, ravioli, cheese filled, with tomato sauce",16.3,2.2,3.6,80.0
tomato catsup,Catsup,27.4,0.1,1.04,100.0
tomato hot sauce,"Babyfood, ravioli, cheese filled, with tomato sauce",16.3,2.2,3.6,85.71428571428572
tomato juice,"Tomatoes, red, ripe, canned, packed in tomato juice",3.47,0.25,0.79,100.0
tomato paste,"Sauce, steak, tomato based",22.04,0.23,1.25,83.33333333333334
tomato pate,"Tomato products, canned, paste, without salt added (Includes foods for USDA's Food Distribution Program)",18.91,0.47,4.32,84.21052631578947
tomato puree,"Tomato products, canned, paste, without salt added (Includes foods for USDA's Food Distribution Program)",18.91,0.47,4.32,85.71428571428572
tomato salsa,"Tomato and vegetable juice, low sodium",4.59,0.1,0.6,80.0
tomato sauce,"Babyfood, ravioli, cheese filled, with tomato sauce",16.3,2.2,3.6,100.0
tomato sauce cans,"Babyfood, ravioli, cheese filled, with tomato sauce",16.3,2.2,3.6,82.75862068965517
tomato slices,"Babyfood, ravioli, cheese filled, with tomato sauce",16.3,2.2,3.6,80.0
tomato soup,"Tomato products, canned, paste, without salt added (Includes foods for USDA's Food Distribution Program)",18.91,0.47,4.32,84.21052631578947
tomatoe sauce,"Babyfood, ravioli, cheese filled, with tomato sauce",16.3,2.2,3.6,96.0
tomatoes,"Tomatoes, green, raw",5.1,0.2,1.2,100.0
topping,"Cream, whipped, cream topping, pressurized",12.49,22.22,3.2,100.0
toppings,"Toppings, strawberry",66.3,0.1,0.2,100.0
tops,"Onions, spring or scallions (includes tops and bulb), raw",7.34,0.19,1.83,100.0
tortellini,"Tortellini, pasta with cheese filling, fresh-refrigerated, as purchased",47.0,7.23,13.5,100.0
tortilla,"Tortillas, ready-to-bake or -fry, corn",44.64,2.85,5.7,100.0
tortilla chips,"Snacks, tortilla chips, plain, white corn, salted",67.78,20.68,7.1,100.0
tortillas,"Tortillas, ready-to-bake or -fry, corn",44.64,2.85,5.7,100.0
triple sec,"Cereals ready-to-eat, GENERAL MILLS, Berry Burst CHEERIOS, Triple Berry",80.5,4.5,8.8,80.0
trout,"Fish, trout, rainbow, farmed, raw",0.0,6.18,19.94,100.0
tubs,"Margarine,spread, 35-39% fat, tub",1.52,37.98,0.23,85.71428571428572
tuna,"Fish, tuna, light, canned in oil, drained solids",0.0,8.21,29.13,100.0
turkey,"Babyfood, meat, turkey, strained",1.4,6.2,11.5,100.0
turkey breast cutlets,"Turkey breast, sliced, prepackaged",2.2,3.77,14.81,81.08108108108108
turkey broth,"Turkey breast, sliced, prepackaged",2.2,3.77,14.81,85.71428571428572
turkey ham,"Turkey ham, sliced, extra lean, prepackaged or deli-sliced",2.93,3.8,19.6,100.0
turkey steaks,"Babyfood, meat, turkey sticks, junior",1.4,14.2,13.7,84.61538461538461
turmeric,"Spices, turmeric, ground",67.14,3.25,9.68,100.0
turmeric +,"Spices, turmeric, ground",67.14,3.25,9.68,90.0
turnips,"Turnips, raw",6.43,0.1,0.9,100.0
uncle ben,Orange Pineapple Juice Blend,12.2,0.08,0.41,77.77777777777779
uncooked strawberries,"Strawberries, raw",7.68,0.3,0.67,82.75862068965517
unpeeled red potatoes,"Bread, potato",47.07,3.13,12.5,80.0
unsalted crackers,Rice crackers,82.64,5.0,10.0,83.33333333333334
unsalted macadamia nuts,"Nuts, macadamia nuts, dry roasted, with salt added",12.83,76.08,7.79,79.06976744186046
unsalted soda crackers,Rice crackers,82.64,5.0,10.0,81.81818181818181
unsweetened chocolate,"Candies, semisweet chocolate",63.9,30.0,4.2,83.33333333333334
unsweetened chocolate squares,"Baking chocolate, unsweetened, squares",28.42,52.31,14.32,77.55102040816327
unsweetened cocoa,"Blackberries, frozen, unsweetened",15.67,0.43,1.18,78.57142857142857
unsweetened coconut,"Oil, coconut",0.84,99.1,0.0,80.0
unsweetened rhubarb,"Baking chocolate, unsweetened, squares",28.42,52.31,14.32,78.94736842105263
unsweetened strawberries,"Strawberries, raw",7.68,0.3,0.67,82.75862068965517
up,"Protein supplement, milk based, Muscle Milk, powder",18.5,17.14,45.71,100.0
valley,"Snacks, granola bar, GENERAL MILLS NATURE VALLEY, SWEET&SALTY NUT, peanut",61.14,22.86,9.14,100.0
valley dressing,"Salad dressing, KRAFT Mayo Fat Free Mayonnaise Dressing",15.8,0.0,0.2,80.0
vanilla,"Yogurt, Greek, vanilla, nonfat",10.37,0.18,8.64,100.0
vanilla bean,"Vanilla extract, imitation, no alcohol",14.4,0.0,0.03,85.71428571428572
vanilla chips,"Snacks, banana chips",58.4,33.6,2.3,81.81818181818181
vanilla extract,"Vanilla extract, imitation, no alcohol",14.4,0.0,0.03,100.0
vanilla flavor,"Snacks, granola bar, chewy, reduced sugar, all flavors",69.4,12.5,5.55,80.0
vanilla flavoring,"Cake, yellow, commercially prepared, with vanilla frosting",56.2,17.91,2.99,78.78787878787878
vanilla frosting,"Cake, yellow, commercially prepared, with vanilla frosting",56.2,17.91,2.99,100.0
vanilla frosting supreme,"Cake, yellow, commercially prepared, with vanilla frosting",56.2,17.91,2.99,80.0
vanilla frozen yogurt,Tofu yogurt,15.96,1.8,3.5,77.77777777777779
vanilla junket,"Vanilla extract, imitation, no alcohol",14.4,0.0,0.03,80.0
vanilla low-fat yogurt,"Fast foods, strawberry banana smoothie made with ice and low-fat yogurt",15.05,0.14,0.86,85.0
vanilla pudding,"Babyfood, dessert, cherry vanilla pudding, strained",17.8,0.3,0.2,100.0
vanilla pudding mix,"Babyfood, dessert, cherry vanilla pudding, strained",17.8,0.3,0.2,84.21052631578947
vanilla ready frosting,"Cake, yellow, commercially prepared, with vanilla frosting",56.2,17.91,2.99,84.21052631578947
vanilla wafers,"Cookies, vanilla wafers, lower fat",73.6,15.2,5.0,100.0
vanilla yogurt,Tofu yogurt,15.96,1.8,3.5,77.77777777777779
varieties,"Avocados, raw, all commercial varieties",8.53,14.66,2.0,100.0
veal,"Babyfood, meat, veal, strained",1.51,2.45,13.12,100.0
veal patties,Vegetarian meatloaf or patties,8.0,9.0,21.0,80.0
veal round,"Tomatoes, red, ripe, raw, year round average",3.89,0.2,0.88,80.0
veal shoulder,"Veal, shoulder, whole (arm and blade), separable lean and fat, raw",0.0,5.28,19.27,92.3076923076923
veg-all vegetables,"Snacks, vegetable chips, made from garden vegetables",60.43,23.3,5.32,77.41935483870968
veg-e,"Vegetable juice cocktail, canned",3.87,0.31,0.93,88.88888888888889
vegeburger,"Veggie burgers or soyburgers, unprepared",14.27,6.3,15.7,80.0
vegetable,"Cream substitute, liquid, with hydrogenated vegetable oil and soy protein",11.38,9.97,1.0,100.0
vegetable beef soup,"Soup, vegetable beef, canned, condensed",8.11,1.51,4.45,78.94736842105263
vegetable bouillon,"Fast foods, potato, french fried in vegetable oil",41.44,14.73,3.43,83.87096774193549
vegetable broth,"Soup, vegetable broth, ready to serve",0.93,0.07,0.24,100.0
vegetable combination,Natto,12.68,11.0,19.4,80.0
vegetable juice,"Vegetable juice cocktail, canned",3.87,0.31,0.93,100.0
vegetable juice cocktail,"Vegetable juice cocktail, canned",3.87,0.31,0.93,100.0
vegetable oil,"Cream substitute, liquid, with hydrogenated vegetable oil and soy protein",11.38,9.97,1.0,100.0
vegetable soup,"Babyfood, vegetables, spinach, creamed, strained",5.7,1.3,2.5,85.71428571428572
vegetable soup mix,"Vegetables, mixed, frozen, cooked, boiled, drained, without salt",13.09,0.15,2.86,84.84848484848484
vegetable stock,"Babyfood, dinner, beef with vegetables",6.36,6.93,2.03,80.0
vegetable/chicken stock,"Babyfood, dinner, vegetables chicken, strained",8.42,1.73,2.47,82.6086956521739
vegetables,"Babyfood, dinner, vegetables and beef, strained",8.84,3.6,2.21,100.0
vegetarian chicken,"Fat, chicken",0.0,99.8,0.0,81.81818181818181
vegetarian skallops,Vegetarian fillets,9.0,18.0,23.0,80.0
velveeta cheese,"Bread, cheese",44.83,20.83,10.42,78.26086956521739
vermicelli,"Rice and vermicelli mix, rice pilaf flavor, unprepared",76.31,1.37,10.42,100.0
vermicelli noodles,"Rice noodles, cooked",24.01,0.2,1.79,80.0
very,"Cake, chocolate, commercially prepared with chocolate frosting, in-store bakery",52.84,20.05,3.48,85.71428571428572
very hot lard,Lard,0.0,100.0,0.0,100.0
very thin,"Seeds, sesame butter, tahini, from roasted and toasted kernels (most common type)",21.19,53.76,17.0,77.77777777777779
vinegar,"Vinegar, cider",0.93,0.0,0.0,100.0
vodka,"Alcoholic beverage, distilled, all (gin, rum, vodka, whiskey) 80 proof",0.0,0.0,0.0,100.0
walnuts,"Nuts, walnuts, black, dried",9.58,59.33,24.06,100.0
warm milk,"Cheese, ricotta, part skim milk",5.14,7.91,11.39,80.0
warm oil,"Popcorn, microwave, regular (butter) flavor, made with palm oil",55.99,31.07,8.69,80.0
warm water,"Beverages, The COCA-COLA company, Glaceau Vitamin Water, Revive Fruit Punch, fortified",0.0,0.0,0.0,80.0
wash,Wasabi,46.13,10.9,2.23,85.71428571428572
water,"Babyfood, water, bottled, GERBER, without added fluoride",0.0,0.0,0.0,100.0
water chestnuts,"Waterchestnuts, chinese, canned, solids and liquids",12.3,0.06,0.88,96.55172413793103
watercress,"Watercress, raw",1.29,0.1,2.3,100.0
watermelon balls,"Watermelon, raw",7.55,0.15,0.61,85.71428571428572
watermelon rind,"Watermelon, raw",7.55,0.15,0.61,88.88888888888889
waverly crackers,Rice crackers,82.64,5.0,10.0,81.81818181818181
wax beans,"Candies, milk chocolate coated coffee beans",55.25,33.18,7.41,80.0
well,"Fast foods, taco with beef, cheese and lettuce, hard shell",19.85,12.7,8.86,85.71428571428572
wheel camembert cheese,"Cheese, camembert",0.46,24.26,19.8,81.25
whip cream,"Toppings, marshmallow cream",79.0,0.3,0.8,82.35294117647058
whipped butter,"Whipped topping, frozen, low fat",23.6,13.1,3.0,78.26086956521739
whipped cream,"Cream, whipped, cream topping, pressurized",12.49,22.22,3.2,92.3076923076923
whipped cream cheese,"Bread, cheese",44.83,20.83,10.42,83.33333333333334
whipped cream topping,"Cream, whipped, cream topping, pressurized",12.49,22.22,3.2,95.23809523809523
whipped dream,"Cream, whipped, cream topping, pressurized",12.49,22.22,3.2,84.61538461538461
whipped topping,"Whipped topping, frozen, low fat",23.6,13.1,3.0,100.0
whipping,"Cream, fluid, heavy whipping",2.84,36.08,2.84,100.0
whipping cream,"Cream, whipped, cream topping, pressurized",12.49,22.22,3.2,78.57142857142857
whipping topping,"Whipped topping, frozen, low fat",23.6,13.1,3.0,83.87096774193549
whiskey,"Beverages, Whiskey sour mix, bottled",21.4,0.1,0.1,100.0
white,"Egg, white, raw, fresh",0.73,0.17,10.9,100.0
white almond bark,"Candies, MARS SNACKFOOD US, MARS Almond Bar",62.7,23.0,8.1,78.57142857142857
white and,"Egg, white, raw, fresh",0.73,0.17,10.9,77.77777777777779
white baking chocolate,"Baking chocolate, unsweetened, squares",28.42,52.31,14.32,84.21052631578947
white beans,"Chili with beans, canned",13.24,3.76,6.12,81.81818181818181
white bread,"Fast foods, submarine sandwich, cold cut on white bread with lettuce and tomato",20.43,10.04,10.52,100.0
white bread crumbs,"Bread, white, commercially prepared (includes soft bread crumbs)",49.2,3.59,9.43,84.84848484848484
white cake,"Grapefruit juice, white, canned or bottled, unsweetened",7.59,0.7,0.55,80.0
white cheese,"Fast foods, nachos, with cheese",34.91,21.5,4.32,86.95652173913044
white chestnuts,"Waterchestnuts, chinese, canned, solids and liquids",12.3,0.06,0.88,82.75862068965517
white chicken,"Fast foods, quesadilla, with chicken",24.04,15.25,15.05,88.0
white chicken meat,"Chicken, meatless",3.64,12.73,23.64,82.75862068965517
white choc,"Candies, white chocolate",59.24,32.09,5.87,100.0
white chocolate,"Candies, white chocolate",59.24,32.09,5.87,100.0
white chocolate bits,"Candies, white chocolate",59.24,32.09,5.87,85.71428571428572
white chocolate chips,"Cookies, marshmallow, with rice cereal and chocolate chips",63.26,18.18,4.55,86.48648648648648
white chunk chicken,"Fat, chicken",0.0,99.8,0.0,80.0
white confectionery coating,"Snacks, granola bars, soft, almond, confectioners coating",60.13,20.0,8.6,85.71428571428572
white corn meal,"Snacks, tortilla chips, plain, white corn, salted",67.78,20.68,7.1,86.66666666666667
white corn syrup,"Water, with corn syrup and/or sugar and low calorie sweetener, fruit flavored",4.5,0.0,0.0,87.5
white cornmeal,"Snacks, tortilla chips, plain, white corn, salted",67.78,20.68,7.1,78.57142857142857
white creme,"Cookies, chocolate sandwich, with creme filling, regular",71.0,19.14,5.21,81.81818181818181
white fish,"Fish, whitefish, mixed species, raw",0.0,5.86,19.09,90.0
white flour,"Buckwheat flour, whole-groat",70.59,3.1,12.62,81.81818181818181
white frosting,"Cake, snack cakes, creme-filled, chocolate with frosting",60.31,15.93,3.63,88.88888888888889
white grape juice,"Grape juice, canned or bottled, unsweetened, with added ascorbic acid",14.77,0.13,0.37,78.57142857142857
white horseradish,"Sauce, horseradish",10.05,50.89,1.09,83.87096774193549
white karo,"Grapefruit juice, white, frozen concentrate, unsweetened, undiluted",34.56,0.48,1.97,80.0
white kidney beans,"Beans, liquid from stewed kidney beans",2.8,3.2,1.8,88.23529411764706
white lily,"Wheat flour, white, all-purpose, enriched, bleached",76.31,0.98,10.33,80.0
white meat,"Chicken, nuggets, dark and white meat, precooked, frozen, not reheated",16.09,17.31,12.02,100.0
white mushrooms,"Soup, chicken mushroom, canned, condensed",11.95,4.84,1.61,80.0
white mustard seed,"Spices, mustard seed, ground",28.09,36.24,26.08,83.33333333333334
white potatoes,"Babyfood, vegetables, sweet potatoes strained",13.2,0.1,1.1,78.57142857142857
white raisins,"Cereals ready-to-eat, QUAKER, Low Fat 100% Natural Granola with Raisins",80.57,5.52,8.42,88.0
white rice,"Soup, chicken with rice, canned, condensed",11.57,1.56,1.84,80.0
white rum,"Egg, white, raw, fresh",0.73,0.17,10.9,77.77777777777779
white sandwich bread,Poultry salad sandwich spread,7.41,13.52,11.64,77.77777777777779
white sauce,"Beans, baked, canned, with pork and sweet sauce",21.57,0.89,4.52,77.77777777777779
white syrup,"Syrups, chocolate, HERSHEY'S Genuine Chocolate Flavored Lite Syrup",34.56,0.97,1.4,90.0
white tuna,"Rice flour, white, unenriched",80.13,1.42,5.95,80.0
white wine,"Bread, white wheat",43.91,2.15,10.66,80.0
whitefish,"Fish, whitefish, mixed species, raw",0.0,5.86,19.09,100.0
whole almonds,"Oil, almond",0.0,100.0,0.0,81.81818181818181
whole breast,"Turkey, whole, breast, meat only, cooked, roasted",0.0,2.08,30.13,91.66666666666666
whole grain corn,"Babyfood, Snack, GERBER, GRADUATES, LIL CRUNCHIES, baked whole grain corn snack",61.59,28.57,0.0,100.0
whole kernel corn,"Corn, sweet, yellow, canned, whole kernel, drained solids",14.34,1.22,2.29,82.35294117647058
whole pink,"Cheese, ricotta, whole milk",6.86,11.0,7.81,80.0
whole strawberries,"Strawberries, raw",7.68,0.3,0.67,82.75862068965517
whole wheat,"Babyfood, cereal, whole wheat, with apples, dry fortified",83.2,4.8,6.6,100.0
whole wheat bread,"Crackers, whole-wheat, reduced fat",75.52,7.59,11.34,82.35294117647058
whole wheat flour,"Waffles, whole wheat, lowfat, frozen, ready-to-heat",49.16,3.57,7.14,82.35294117647058
whole wheat pie,"Babyfood, cereal, whole wheat, with apples, dry fortified",83.2,4.8,6.6,86.66666666666667
wide,"Babyfood, water, bottled, GERBER, without added fluoride",0.0,0.0,0.0,85.71428571428572
wide egg noodles,Eggnog,8.05,4.19,4.55,83.33333333333334
wide noodles,"Rice noodles, cooked",24.01,0.2,1.79,83.33333333333334
wieners,"Beverages, carbonated, reduced sugar, cola, contains caffeine and sweeteners",5.16,0.0,0.0,83.33333333333334
wild rice,"Wild rice, raw",74.9,1.08,14.73,100.0
will also,"Cereals ready-to-eat, KELLOGG'S, SPECIAL K Vanilla Almond",83.0,4.0,7.8,77.77777777777779
wine,"Alcoholic beverage, wine, dessert, sweet",13.69,0.0,0.2,100.0
wine sauce,"Fast foods, submarine sandwich, sweet onion chicken teriyaki on white bread with lettuce, tomato and sweet onion sauce",22.54,2.37,10.91,84.21052631578947
wine vinegar,"Salad dressing, home recipe, vinegar and oil",2.5,50.1,0.0,83.33333333333334
wings,"Oil, industrial, coconut, confection fat, typical basis for ice cream coatings",0.0,100.0,0.0,88.88888888888889
winter,"Squash, winter, spaghetti, cooked, boiled, drained, or baked, without salt",6.46,0.26,0.66,100.0
wip,"Snacks, granola bars, soft, uncoated, chocolate chip",70.2,16.57,5.65,80.0
worcestershire,"Sauce, worcestershire",19.17,0.0,0.0,100.0
worcestershire sauce,"Sauce, worcestershire",19.17,0.0,0.0,82.35294117647058
wraps,"Grapes, red or green (European type, such as Thompson seedless), raw",18.1,0.16,0.72,80.0
yams,"Cereals ready-to-eat, GENERAL MILLS, GOLDEN GRAHAMS",85.1,3.2,5.3,85.71428571428572
yeast,"Doughnuts, yeast-leavened, glazed, enriched (includes honey buns)",47.93,22.7,6.14,100.0
yeast cake,Yeast extract spread,20.42,0.9,23.88,82.35294117647058
yeast cakes,"Leavening agents, yeast, baker's, compressed",18.1,1.9,8.4,81.81818181818181
yeast flakes,"Cereals ready-to-eat, KELLOGG, KELLOGG'S ALL-BRAN COMPLETE Wheat Flakes",81.6,2.5,10.2,90.9090909090909
yellow cake,"Corn, sweet, yellow, canned, whole kernel, drained solids",14.34,1.22,2.29,81.81818181818181
yellow cream,"Toppings, marshmallow cream",79.0,0.3,0.8,90.9090909090909
yellow mustard,Lard,0.0,100.0,0.0,85.71428571428572
yellow raisins,"Yellow rice with seasoning, dry packet mix, unprepared",74.68,1.75,7.02,78.26086956521739
yellow/white shredded cheese,"Bread, cheese",44.83,20.83,10.42,81.81818181818181
yogurt,"Yogurt, plain, whole milk",4.66,3.25,3.47,100.0
yolk,"Egg, yolk, raw, fresh",3.59,26.54,15.86,100.0
yolks,"Egg, yolk, raw, fresh",3.59,26.54,15.86,80.0
your choice,"Restaurant, Chinese, sweet and sour chicken",23.86,12.65,10.1,81.81818181818181
zesta crackers,Rice crackers,82.64,5.0,10.0,81.81818181818181
zucchini,"Squash, summer, zucchini, includes skin, raw",3.11,0.32,1.21,100.0
zwieback crust,Zwieback,74.2,9.7,10.1,100.0
